,store_id,store_name,score,ward,review_cnt,review,user_info
0,00000001,蕃 YORONIKU,4.49,東京都内,347,恵比寿にあるYORONIKUさんに初訪問です。店内にはボックス席と個室があります。各テーブルに1人サーブの人が付き、お肉は全て焼いてくださいます。今回は「トリュフすき焼きコース」を予約していました。印象に残ったものを以下に記します。まず、お肉のお刺身。部位は、腿三角でした。なめらかな舌触りにとろける食感。生のお肉は、その上質な脂を舌の上で堪能できます。ユッケは、卵黄と混ぜられ、バゲットに乗せていただきます。口の中で広がる濃厚な旨味に思わず笑みが溢れる美味しさ。まるでイタリアンの前菜を食べているかのような、しかしユッケの生肉の味わいはイタリアンでは味わえないもの。ツチノコよろにくさんオリジナルの呼び方で、腰の内側の部分だそうです。脂身と赤身の旨味のバランスが非常に良く、とても美味しかったです。シャトーブリアンこちらは網で焼かれて、食べやすく丸めてお皿に置かれます。一口目はそのまま、二口目はタレにつけて、との説明を受けました。一口目はお肉そのものの旨みがじっくりと舌で堪能でき、二口目は甘めのタレと最高なハーモニーを奏でるお肉を味わえました。シルクロース薄めのお肉で、網でサッと焼き、タレにつけ、小さなライスボールに巻いていただきます。ご飯との相性はもちろんばっちり！薄いお肉がトロッと口の中でとろけていきます。特選サーロインこちらは、おろしポン酢につけて。おろしポン酢とは意外でしたが、さっぱりとしたポン酢の酸味も、トロッとしたお肉によく合います。確かに一番最後にぴったりなお味。すき焼きこれでもか！というほどトリュフを存分にかけてくれます。笑卵につけたお肉をいただくとトリュフの豊潤な香りが鼻に抜け、何とも贅沢な味わい。残った卵液にはご飯を入れて、卵かけご飯に。これがまた美味しいです。徳島の手延べ素麺コシがある麺でツルツルとした食感も非常に良いです。キンと冷たく冷えた温度やスープの美味しさにも感心しました。全体として、お肉は非常に柔らかく、上質な脂が乗っていて、色々な種類・食べ方が提供されるので飽きることがありません。胃もたれを感じてしまうような脂っぽさはどこにも無く、ただひたすらに舌の上に旨味の余韻が残るような、そんなお肉達を堪能しました。このレベルの焼肉は初めてだったのですが、焼肉の概念変わりますね。ごちそうさまでした。,20代前半・女性・千葉県
1,00000001,蕃 YORONIKU,4.49,東京都内,347,友人の誕生日祝いとして訪問。恵比寿駅から徒歩数分の位置にあり、アクセスは最高です。系列店の「生粋」に以前お伺いし、割と満足した思い出があったのでウキウキです。17時の予約時間に対し16時50分に訪問するとミーティングの真っ最中。うひょーー気まずーー！！と思っていると「営業前なので下でお待ち下さい。」と言われました。はい。さて定刻になり訪問。店内はほぼ全てボックスシートであり密を回避。しかし、こちらのお店は1グループ（テーブル）に1人のスタッフが付くので、どうなんでしょう？もちろんスタッフは気をつけていると思いますが。まずはビールを注文。700円程度です。安い。いいぞ！ビールはみんなのものだ！！！4.5分でピットインです。それと同時に「お通しの生豆腐です」と豆腐もピットイン。お通し？？アミューズではなく？？と思い、後日レシートを確認すると1人550円ぐらいのお通し代が請求されていました。　ワロタwww客単価1万を超える焼肉店でお通し代を請求されるのは初めての経験です。だったら最初からコースに組み込み、いっそのことサービス料を徴収してくれた方が精神安定上良いです。だって肉全部焼いてくれるし。本日のメニューは以下。・キムチの盛り合わせ　ナムル3種まぁこれは可もなく不可もなく。友達は「うめぇうめぇ」言うてましたけど。・本日のお刺身　ユッケ　白センマイユッケは焼いたバゲットに乗せてくれるのですが店員がバゲットを焼いてる際に「あっ」とか言ってバゲット飛ばしたんすよ。しかもそれそのまま使うし。既にこの時点で、今夜の敗北を決意しました。・本日のサラダサラダの中身については説明がありませんでした。ドレッシングも。そんな中で食べるサラダの味わいなど普通である。・ロース　上タン　ハラミこれは旨いですねぇ！！上品な脂が全体を取りまとめ、焼き加減も最高。・本日の赤身　ツチノコこれも中々。特にツチノコ！噛むほどに赤身の旨味が伝わります。・ハチノスのお吸い物悪いけどこれが1番旨かった。和食店で出るそれと遜色のない味わい。麻布すし家祥太のお吸い物に似たベクトルに感じます。・シャトーブリアン　シルクロース言わずとしれた最高級の部位。若い頃はこの脂が旨く感じましたが、最近は1枚で十分です。タンをお代わりしたい。・サーロイン　ザブトンのすき焼き「ザブトンはタレをたっぷり絡めた上で卵とどうぞ」とのこと。うーーん。旨いけど暴力的。繊細な肉の旨味はどこへやら。・阿波の手延べ素麺悪くない味覚です。締めに相応しい清涼感のある味わい。これもお代わりしたい。・かき氷抹茶と白くまの2種での用意。ここでプレゼントを渡そうと計画していたのですが店員がデザートを置くタイミングでかき氷のバランスが崩れ、一部が受け皿に崩落。「おまえぇぇえ！！！やってくれたなぁぁぁ！！」というわけで味わいは上々。サービスは「バイト君さぁ」って感じ。値段は着地点は良いがお通し代が謎。という結論に至りました。良いところもあるが、それ以上に悪いところもある。上げ下げが激し過ぎ。まるで精神が不安定なメンヘラの様です。お店を選んだ責任は私にあるのですがちゃんとタケマシュランさんの口コミを読んでおけば良かったです。これなら生粋でいいや。,20代前半・東京都
2,00000001,蕃 YORONIKU,4.49,東京都内,347,この日は私の誕生日祝い！ということで『蕃 YORONIKU』に家族で集合。よろにくの系譜のコース料理を楽しみました。予約して通された部屋は奥にある、窓近くの席。スタイリッシュで落ち着いた雰囲気です。一人遅れたのでギリギリ２０分待ってからのスタート。と、ほぼ同時にようやく３人が揃い、慌ただし中での乾杯。とっくの昔に誕生日が嬉しい年齢ではなくなりましたが、家族に祝ってもらえば嬉しいですね。ナムル類や生肉から始まり、色々な部位を少しずつ楽しみながら、特上部位まで色々な食べ方を紹介して盛り上がっていく流れは、よろにく流。この日はちょっと贅沢にトリュフコースを楽しみました。コースですけど、ボリュームが多すぎない所も普通の女性には嬉しい所かもしれません。最後のかき氷は、お祝いの花火付き？！乾杯で誕生日おめでとうとか言っていいたのを聞いていた担当の男性の配慮。気が利いてますね。スタートが遅れちょっと慌ただしくなりましたが、満足の時間を過ごせました。ご馳走さま。ーーーーーー＜この日のコース＞▫️お通し：　豆腐と白舞茸にジュレで薄く味がついたもの▫️ナムル3種、キムチ盛合せ３種▫️冷製盛合せ：　せんまい、とも三角、ユッケ　ユッケはその場で焼いたバゲットに乗せてブルスケッタ風に▫️焼き物　塩：　ロース、上タン、上ハラミ▫️焼き物　たれ：　カメノコ、ツチノコ　　　カメノコは甘みとわさびの香り▫️お椀：　ハチノスのお吸い物▫️サーロイン握り▫️希少部位：シャトーブリアン、シルクロース　　　シャトーブリアンはご飯を添えて。▫️サーロイン：　おろしポン酢で▫️サブトン：　すき焼きトリュフ添え▫️麺：　阿波の手延べ素麺▫️甘味：　抹茶のかき氷,男性・東京都
3,00000001,蕃 YORONIKU,4.49,東京都内,347,平日20:30。予約していただき5名で訪問。初訪問♡◉生ビール 700円【10000円のコース＋α】◎季節のお通しとうもろこしのムース、ホタテのジュレ。◎キムチ3種◎ナムル3種◎本日のお刺身◎ユッケブルスケッタ風に。◎白センマイ◎本日のサラダ◎ロース 塩◎上タン 塩◎上ハラミ 塩◎シンシン タレ◎ツチノコ タレ腰の内側。◎ハチノスのお吸物◎シャトーブリアン折り畳みシャトーブリアン！◎シルクロース叩きつけ系焼きで！一口ご飯と。◎特選サーロイン薬味とおろしポン酢。☆ザブトンのすき焼トリュフ添え黒トリュフすりすり、卵とぐるぐる。☆ユッケ丼一凛の辣油の特製タレで。◎阿波の手延べ素麺ひやむぎみたいに太め。海苔の佃煮、わさびと。◎かき氷抹茶としろくま。店員さんが全て美味しく焼いてくれるのもよろにくから始まったのかな？網をくるくる回して火加減調節したり、1枚ずつ焼いたり、全部1度に焼いたり、片面焼きしたり、叩きつけたり笑折り畳んだり笑この日担当してくださった方のこだわりがすごくて勉強になりました！(独立予定の修行でお家でも研究されてるらしい)さらに！常連様のおかげで色々サービスしてもらいました♡肉質、雰囲気、サービス、コスパ、やはりよろにくは総合的に満足度が高いです。私にとっては日常使いできるようなお店ではないですが。。それでもまた来たい！なんならまた常連さんと行きたい！笑ごちそうさまでした！,30代後半・女性・東京都
4,00000001,蕃 YORONIKU,4.49,東京都内,347,久々にお誘い頂いたオーナーVanneさんスペシャル会。超常連になって初めて予約の取れるプラチナシート。月に20名ほどの狭き門です。近所なのに自力で予約出来ないもどかしさはあれど、超常連友人の食べログ仲間が何人もいるので役得です。こういう時に食べログやってて良かったなと改めて感謝w。全ての皿がスペシャリテで魅せてくれるのが凄い。よくもまぁ、こんなに湧き出る泉の如くアイデアが。一見すると流行りの見た目パフォーマンスがクローズアップされますが、大間違い。食べ方の指示が物凄く細かくて、一口目と二口目で食感が変わったり、半面だけ絶妙に火入れしてエロい食感を出したりと、今までの焼肉の常識を覆すような、かなりの拘りが詰まってます。ラストは恒例の白くまカキ氷かと思いきや、何とバスクチーズケーキ！よろにくでバスチーとは。これかなりレアものらしく。幹事様の力の凄さに平伏しました…笑焼肉屋というよりは肉割烹のジャンルになるでしょうが、焼肉好きにとってココは夢の国のような時間を過ごせるお店です。気になる方はまず足繁く通って常連になるか、食べログレビュアーになって誘いを待つか、お試し下さい。,男性・東京都
5,00000001,蕃 YORONIKU,4.49,東京都内,347,恵比寿にある焼肉の店。が、もはや従来の焼肉屋の概念を覆す業態の店といえるだろう。まず、焼肉は全て店員が焼いてくれるし、コース料理が基本。焼くペースは店員が完全にコントロール出来るので店側にとっても長居を防ぐことが出来、メリットがある。客からしても適切な焼き方を意識しなくてもベストな味を楽しめるのがいい。さらに、肉の部位に応じて最も適切な食べ方を指示してもらえるのは嬉しい。高級肉を美味しくいただけないのは悲劇なので。さて、1万円コースのラインナップは、お通し、刺身、ユッケ、キムチ、ナムル、タン、ロース、ハラミ、赤身、ツチノコ、シャトーブリアン、シルクロース、サーロイン、ザブトン、お吸い物、そうめん、かき氷。一切れずつ肉が出てくるので量はあまり多くない印象を持つ。たくさんの種類を少量ずつ食べられることは贅沢極まりない。脂の少ない部位から多い部位に徐々にシフトしていく構成はいい。食べ方も、レモン、塩、タレ、すき焼きと変化していくので飽きない。単に客に肉を焼かせて数千円を取るという従来の焼肉屋の経営に一石を投じるこう高付加価値化のお手本のような店。店員はバイトだろうか、若い男女がすごい人数働いている。しかし、バッチリと教育が行き届いており、ソツがない。人気店なのに楽にweb予約が出来るのも素晴らしい。予約を入れるために電話を何度もかけないといけないのはナンセンスすぎる。サービス業の基本は人材教育とIT活用にあり。そうした真髄を教えてくれる。,30代後半・男性・埼玉県
6,00000001,蕃 YORONIKU,4.49,東京都内,347,恵比寿の飲食ビルの8階にあります。メニューはコース8000円、10000円、12000円とOMAKASEからの予約のスペシャルコースがあります。今回は10000円のコースにしました。頂いたのは⚪︎お通し　550円（とうもろこしの豆腐と帆立のジュレ。）⚪︎白センマイ⚪︎トモサンカクのお刺身（とろけます。）⚪︎ユッケ（バケットをこんがり焼いてその上にユッケをのせて頂きます。ガーリックトーストになっているのでほんのりバターとガーリックが。）⚪︎サラダ⚪︎ネギたん（少し固め。）⚪︎厚切りタン（厚切りなのでより固くて味もイマイチ。）⚪︎ハラミ（程よい赤身であっさり。）⚪︎かめのこ⚪︎つちのこ（赤身ですが割と霜降りでやわらかく美味しかったです。）⚪︎シャトーブリアン　（うんうん。やっぱり美味しい！噛まなくても食べれるくらいのやわらか。）⚪︎シルクロース（一口程のご飯と一緒に頂きます。お肉は薄く網に何度も叩きつけながら火を通していきます。焼くのを見てるのも面白い。）⚪︎サーロイン　（おろしポン酢と香味野菜と一緒に。スティック状のサーロインは表面を香ばしく焼いてパリパリに。中は厚みがあまりなかったので肉質自体があまり感じられず。）⚪︎ザブトン（すき焼き風で。極薄なのでサシ多めですが軽い。）⚪︎手延べそうめん（好みで海苔の佃煮とわさびを。ツルツルとした喉越しが良いそうめんは優しい出汁で。）⚪︎デザート（抹茶ミルクかき氷。ミルキーな甘さのかき氷に濃厚なほろ苦い抹茶でさっぱりと。かき氷の中には苺が入ってます。）お肉は普通のものと美味しいものとがあり全体的に薄くてやわらかいのでコースのボリュームだとあまりお腹いっぱいにはなりませんでした。お肉はかわいい女性の店員さんが1枚1枚丁寧に焼いてくれます。それは嬉しいサービスなのですがなんか違和感が。大箱でみなさまガヤガヤしてて内装やお皿もカジュアルな感じなのにサービスだけがラグジュアリーな仕上がりになんかちぐはぐな印象が。,女性・東京都
7,00000001,蕃 YORONIKU,4.49,東京都内,347,Instagram    pateknautilus40https://www.instagram.com/pateknautilus40/ ご覧いただき有難うございます。皆様の『いいね』『フォロー』『お店の保存』を頂けると幸いです。The Tabelog Award 2020 Silver 受賞店の『蕃YORONIKU』へ伺いました。この日もバーンさんスペシャルコースです。もーどれも美味しくて堪りませんでした。ですので、どれがどうとか言ってたら大変なので割愛しますが、こうして書いていてもまた直ぐに食べたくなってきます。そんな感じだと思って頂ければと思います。それにしても『ヒレにとうもろこし巻』はどうやって巻いているのだろうかWWW不思議だ～～そうそう、最後に作り立ての自家製バスクチーズケーキを出してくれました。最近、巷ではバスクチーズケーキが大流行ですね。これもまたとっても美味しかったです～～ご馳走様でした。とても美味しく頂きました。また伺います。なお、この日頂いたものは下記のとおりです。『とうもろこし豆腐』『キムチ盛り合わせ』『ナムル盛り合わせ』『ヒレミニヨンの炙り』『バケットにユッケのせ』『サーロインと無花果の冷製胡麻しゃぶ』『タン』『タンと昆布』『サラダ』『シンシン』『ツチノコ』『ボタン海老と肉のナメロウ』『お吸い物』『ヒレにとうもろこし巻』『シャトーブリアンとシルクロース』『ミノ』『シルクロースと白菜を胡麻ダレで』『ヒレカツ』『ヒレカツサンド』 『ザブトンのすき焼、黒トリュフがけ』『すき焼ダレに白飯』『お茶漬け』『抹茶かき氷』『しろくまかき氷』『バスクチーズケーキ』,
8,00000001,蕃 YORONIKU,4.49,東京都内,347,恵比寿駅から徒歩2-3分のところにある名店です。店内に入り、席に着くと、我々専任の店員さんがついてくれて、配膳はもちろん、全ての肉を最適な焼き具合で目の前で調理してくれます。メニューは下記。・ジュレ　前菜ですね。トウモロコシの香りが良い。・白センマイ、キムチ、ナムル　これらの前菜で最初はビール。キムチが特に美味しかったです。・ユッケ＆バケット　バケットの上にユッケ、この食べ方は初だし、これは絶品でした。・タン、タンもと、ハラミ　個人的にはタンもとが一番美味しかった。・かめのこ、つちのこ　この貴重部位も絶妙な焼き具合で焼いていただけます。・シルクロース、シャトーブリアン　定番の高級部位。美味しくないわけないですね。・サーロイン、カルビ　最後にこれらが残っても、脂っこく感じず普通に食べれる、不思議です。　これまでの調理方法、脂っこさを感じさせない薬味の組み合わせが絶妙なのでしょう。・〆の素麺　素麺？と思いましたが、焼肉の後のさっぱり感にはとても合います。　少し平打ちタイプの麺もよかった。・デザートのカキ氷　抹茶のフワフワ氷です。金粉を少しのせるオシャレも良いですね。カキ氷だけでも店をやれそうな完成感。料理としてはどれも絶品。人気店の理由がわかります。またお邪魔したいです。強いて言えば、人気店で回転を速めないといけないのでしょうが、料理＆調理がかなり早い。これだけのメニューですが、1.5時間で会計でした。前菜で20分、肉で40分、〆で15分、デザート15分といったところでしょうか。ドリンクもワインなどいろいろあって楽しみたかったですが、全然、時間がありませんでした。連れと会話を楽しみながらゆっくり食事というよりは、料理に集中するお店ですね。,40代前半・男性・東京都
9,00000001,蕃 YORONIKU,4.49,東京都内,347,"この日はセンパイに誕生日祝いをしていただき、お肉をご馳走になりました♪向かった先は「蕃 YORONIKU（えびす よろにく）」さん♪食べログシルバーに選ばれているお店です。お店へはJR恵比寿駅・東口から徒歩2分とアクセスも抜群です。事前にネット予約していただき、開店と同時の17時にお伺いしましたー！まずは生ビールジョッキで乾杯♪お通しに「とうもろこしのジュレ」いきなり「いいねー」ってなりますね。この日は10,000円のコースメニュー♪◎前菜キムチの盛り合わせ、3種のナムル◎冷製本日のお刺身・ユッケ、白センマイ◎鮮菜本日のサラダ◎焼き物・塩ロース、上タン、上ハラミ◎焼き物・たれ本日の赤身、ツチノコ◎碗ハチノスのお吸物◎焼物・希少部位シャトーブリアン、シルクロース◎焼物・特撰部位サーロイン、ザブトンのすき焼き◎麺物阿波の手延べ素麺◎甘味かき氷コースは、スタッフさんがお肉を全て焼いてくれます。最初から「旨いねー」を連呼。タレの焼き物あたりから本気モード。本日の赤身は「しんしん」。最高！って思って食べたら、その後の「つちのこ」がもっと最高‼︎シャトーブリアンは低温でじっくり焼き。一口目はそのまま、二口目はタレをつけてシルクロースは強火でガッと焼き。ライスボールを包んでいただきます。おろしポン酢でさっぱりと。ザブトンはたっぷりタレをつけて、卵黄にまぶして。どれも素晴らしかったです。そして〆の徳島県産の手延べ素麺。コシがすごくって、もっちもち。素麺や、できるぞ（笑）甘味の抹茶のかき氷はフワッフワ。かき氷やも、できるぞ（笑）最初から最後までレベルの高いコースでした！ご馳走さまでした！",50代前半・男性・大阪府
10,00000001,蕃 YORONIKU,4.49,東京都内,347,"青山の方はたまに行くのですがこちらは久しぶりでした。以前はこちらのお店は４人での予約しか受け付けておらず、２人だと遅い時間しか予約できなかったのでなかなか難しかったのです。現在はそういう縛りもなくなった様子ですが、せっかくなので４人で訪問してきました。以前はかなりインバウンドが多い印象でしたが今は日本人客だけでしっかりと満席。流石だなぁと思える賑わいでした。前回は２万円以上のコースでしたが今回は節約して12,000円のトリュフコースにしました。内容はやはり全然違いますがこちらのコースでも充分に満足できます。お肉をすべて店員さんが焼いてくれるのもそうですが、とにかくサービスの質が高く、電話の対応もいつも素晴らしい。毎回思うのですがどうせならキムチとか前菜類も小分けにして提供してくれたらもっと嬉しい。ワインを３本開けたりお肉も少々追加しましたがお会計は１人２万円でおさまりました。味だけなら他にも美味しい焼肉屋はいろいろありますが、全体的な満足感とコスパの良さ、そして何より大切な人を連れて行く時の安心感がずば抜けています。",男性・東京都
11,00000001,蕃 YORONIKU,4.49,東京都内,347,前から行ってみたかった店。オマカセサイトからスペシャルコースでお願いしました。エレベーターで上がって最上階の8階です。店内は賑わっていますね。早速ビールでスタートです。美味いですね。コースの詳細は多くの方が紹介されているので省略。品数多いので感想中心に書きます。最初の前菜、トウモロコシ豆腐とホタテジュレはさっぱり味で胃が整います。ナムル、キムチもちゃんと美味しい。良い店ってこういうも手抜きがないですよね。ヒレの刺身もとろけて美味い。ユッケも最高。そろそろワインですね。イスラエルの赤にしました。そして楽しみにしていた上タン開き、通称エロタンです。片面をさっと炙って、炙ってない面を表になるように折って、ちゅるんと一口。美味いし舌触りがやばい。もっともっと食べたかったな。ユッケとキャビアの手巻きも金粉乗ってプレゼン力あるし、すごく美味しかったです。有名なシルクロースも小さいご飯玉がちょうどいい。シャトーブリアンのブリカツサンドもサク、トロでたまりませんね。サマートリフたっぷり入れてくれたすき焼きも最高。ご飯をいれてなお最高です。そうめんもしっかりしていて良いですね。もちろん色んな部位の焼肉達もすばらしかったです。また来たいですね。,男性・神奈川県
12,00000001,蕃 YORONIKU,4.49,東京都内,347,友人がとあるサイトから予約して、その会に誘われたが、なんとそれが「蕃YORONIKU」だった。聞いてみたらどうもいつものコースではないようだった。これではベストのよろにくを知っている人間からすると納得出来ない可能性もあるのでコースのランクを上げてもらうように交渉させてもらった。最上級のスペシャルに出来るかどうかは仕入れ次第のようで運もありそう。そんな事もあって、店の社長のVanneさんに直々に焼いてもらえるスペシャルコースは諦めていた。なんせ本来なら数ヶ月待ちだから。なので今まで何回もよろにくにはお邪魔させてもらっているが、Vanneさん以外に焼いてもらうのは今回が初めて。ちょっとどんな感じなのかドキドキ。前菜は「生豆腐とホタテのジュレ掛け」…優しい甘さを感じる前菜。キムチやカクテキ、ナムルなどが並ぶ。もぐもぐ、美味しく肉を食べるための前哨戦。さて、ここから焼きに入る。ええええ？ここでVanneさんが登場。有り難いことにVanne さん自らが焼いてくれるんだそう。きゃー、嬉しすぎる。まずは「フィレミニヨン炙り」…タレの醤油は「甘い九州の醤油とキッコーマン」を混ぜたもの。「フィレミニヨン」とはフィレの尾の先端に近い部分でフィレから生まれた肉の宝石ともいわれる部位。まさに味も至宝。やっぱり美味いわぁ。「イチヂクとサーロインの冷製のしゃぶしゃぶ」…まるでデザート。よくこんな組み合わせと肉のデザインを考えるものだこと。「ボタンエビ、キャビア、肉」…新作だそうでVanneさんも写真を撮っている。ユッケ風の肉、ボタン海老、キャビアをタパス的にトーストされたパンの上に乗せて。「タン、片面焼き」…食感のなんともエロいタン。相変わらず美味い。「横に薄めにスライスしたタン」…タンに塩昆布を乗せてとっても美味。繊細に美味しい。このメニューの名称を確認したら「タンコブ」だと。ナイスなアイデア。面白いわー。「赤身」、「ツチノコ」…たまらない美味しさ。それにしても、何故かよろにくの肉は食べても腹に溜まらずどこかに溶けて行く。食べても食べてもお腹いっぱいにならない。「サラダ、鹿児島のリンゴ酢」…食べやすいサラダ。リンゴ酢も殊の外、野菜を美味しくするドレッシング。サラダをあまり食べない僕が美味しいと感じた一品。「とうもろこしと肉」…以前も食べさせてもらったとうもろこしそのものとの組み合わせとは少し違って、表面がフリットされたとうもろこしタイプ。抹茶塩を付けて美味しくいただく。美味しい。口直しの「お吸い物」…ちょっとほっとするのにちょうど良い。「肉シースー(寿司)」…醤油でいただく。また口の中に溶けて行く。「右シャトーブリアン、左シルクロース」…焼肉クライマックスに向かって行く。ずっと美味しい、全部溶けて行く。「ミノ」…磨きの入った薄くスライスされたミノ。コリコリも美味しい。「野菜と肉の蒸籠蒸し」…まず野菜を蒸し器で蒸して、ほぼ蒸し終わったところでその蒸し野菜をシルクロースで包んで今一度蒸し、ゴマだれでいただく。美味いよなぁ。ここまで、全部美味しいのも奇跡ではなく、この店では当然なのが凄い。いつものスペシャリテ。人気の「セントラル・ザ・ベーカリー」の食パンと、じっくりゆっくり焼いたシャトーブリアンのたまらない美味しい肉。そのシャトーブリアンを極薄のカツ衣でくるんで揚げ、炭火で焼いたパンで挟んだカツサンド。お腹はほぼいっぱいいっぱいになっているけど、今日は全部いただいた。ソースも美味い。もうひとつのスペシャリテ。ふんだんな量のサマートリュフと生玉子、トリュフを溶かすようにかき混ぜてそのタレにつけて「シルクロース」をいただく。…相変わらず至福の美味しさ。シルクロース肉を食べた後、玉子とトリュフをさらにかき混ぜ、ごはんを投入してトリュフ玉子かけごはん。何回食べても美味し過ぎる。昇天…。ここで初のカレー登場。…肉がゴロゴロ、めちゃ入ったカレーは辛さは控えめだが旨味がある。強烈な印象というより優しい味でまだ食べれてしまう。さらにもう一丁、炭水化物。少量の半田そーめん。半分をさっぱりと美味しく、そこに岩海苔で味変させてもう半分いただく。デザートは最初は「抹茶かき氷」からの2つ目は「しろくまタイプ」。それにしてもよく食べた。それでもお腹にホントに溜まらない。美味しいだけでなく、体に優しい。脂もしつこくないのだ。最近そこまで食べれなくなっていたが、ここでは別世界。元気になれる。今回は僕以外の5人は初よろにく。何ともみんな幸せそうな顔つきになって僕も嬉しい。きっと、この幸せ感が明日の元気の素になると思う。感謝です。,
13,00000001,蕃 YORONIKU,4.49,東京都内,347,焼肉屋ではここが一番大好き。この日も店主のVANさんに焼いてもらった。赤身肉の美味しさはぴか一、VANさんのパフォーマンスにも見とれてしまう。すばらしいお店だ#巻きタン#うすタン昆布締め#カイノミ#肉寿司#キャビア 乗せ#サーロイン#しゃぶしゃぶ風#つちのこ#シルクロース#すき焼き#サマートリュフ#かつサンド#手延べ素麺#抹茶アイス#しろくまアイス#生姜焼き弁当,50代前半・男性・愛知県
14,00000001,蕃 YORONIKU,4.49,東京都内,347,大好きなよろにくにもかかわらず、ようやく今年1回目。某超人気焼肉店の若社長と伺わせていただきました。さすがにVanneさんも少しやりにくそうでした、スミマセン（笑）当日は、いつものように絶品料理を食べながら焼肉業界のあれやこれやをワイワイと。夏の定番になった感のある「和牛もろこし」や「酢牛」、「カツサンド」「和牛茶漬け」「トリュフすき焼き」などここでしか食べられない和牛料理をみんなで堪能。最後は早川料理長謹製の「バスチー」も出てきて今宵も腹パン。次は秋に伺わせていただきます。松茸に当たるといいな～。,
15,00000001,蕃 YORONIKU,4.49,東京都内,347,食べログアワードGOLD受賞!よろにく恵比寿店！表参道『よろにく』本店とはまた一味違った楽しみに心が躍りまくりの再訪でした♡【お肉女❤お気に入りメニューはこちら】⭕先付⏩まずは定番の先付に、キムチ・ナムル、サラダ。どれも本当に丁寧で美味しいです。⭕白せんまい・フィレミニヨン・ユッケ⏩白せんまいのコリコリ食感♡とろんっとほどけ広がる柔らかいフィレ♡とんでもなく美味しいユッケ！赤身もサーロインもごちゃまぜ♡より食感と味の深みが楽しい。それを網の上で焼いたガーリックバター風味のバケットの上にのせてパクっと♡うんんま～っ！合うのですね！ミラクル新・発・見！⭕タン食べ比べ⏩エロいタンとの相性でも知られるよろにくさんのタンの横と縦カット両方を楽しみました。私的には、縦カットの塩昆布のせの食感がとにかくお気に入りなんです♡ずーーーっとかみしめていたいタンですね♡⭕かめのこ・つちのこ⏩赤身なのにサシが綺麗～かめのこ＆よろにくオリジナルの名前でも有名なとろけるつちのこ♡腰の内側だからシャトーブリアン付近だけあってとってもやわらかとろとろとろーんっと美味しい～幸せ♡⭕かいのみの塊焼き⏩かいのみ焼いたらガーリックチップをのせて一口でパクっと！たまらんです！以前はハラミを(*^^*)⭕願いが叶う金箔肉寿司⏩こ、こ、これはお初なのだ～お肉にキャビアに金箔のっちゃった♡のりの大きさにお肉やご飯やキャビアの絶妙な量バランスにお口の中がパラダイス♡とんでもなく、美味しい！見ているだけでもテンション上がっちゃいました♡⭕ハチノスのお吸い物⏩中盤のハチノスのお吸い物が、胃をさっぱりさせてくれますね♡このあとは♪⭕シルクロース・シャトーブリアンお肉の女王様とろとろとろける超絶繊細美人なシャトーブリアン＆やんわらか妖艶なシルクロース（サーロイン）の２大女王の登場です。シャトーブリアンさま、どうしてこんなに柔らかくて美味しいのでしょう♡シルクロースさま、名物だけあって本当に毎日でも食べたい逸品。妖艶、美味、またこの一口ライスボールと一口で食べるのが絶妙！⭕ロゼカツ⏩半分はお塩でいただきます。ロゼのように美しいお肉さま。スタッフさんが２時間かけて並んで購入してくるという極上パンを網の上で焼いてお肉を挟んじゃうのです♡オリジナルのソースが一瞬にして薄衣の中しみしみ～お肉とパンにほどよくしみしみしみ込み、お口に入れてサクッサック中はやんわらかジューシー♡肉とパンの組み合わせでこの味・食感・鼻に抜ける余韻を超すものは出会ったことありません。こだわりがぎゅぎゅっと詰まって美味しすぎ♡⭕ミノ⏩ミノの薄さに毎回毎回びっくし！これが美味しいのなんの。ミノ独特の楽しいコリコリ感、旨味も消えないんです。レモンを絞って♪いつもあと２枚くらい食べたいんですよね(笑)コプチャンも美味しかったです。⭕ザブすき⏩さあ！待ってました。よろにく儀式の極上ザブすきの時間です。ザブトンのすき焼き♡網の上に鍋のせちゃいますからね。卵の上にザブトンをのせ、そこにトリュフを削っていただき、、、！？トリュフ多すぎてザブトンがもはや見えません(笑)これを高速でかき混ぜて～あわぶくぶくするまでとにかくかき混ぜて～一口でがぶっと！いただきます♡最後はご飯を入れて卵かけトリュフご飯♡もうノックアウトですね。美味しすぎる～！⭕️シルクロース茶漬け⏩️お出汁を注ぐとお肉が一瞬で艶やかなピンク色に~感激。とろける美味しさに言葉を失います(*^^*)⭕デザート ⏩冷麺後の〆デザートは、抹茶かき氷の登場～♪なんとなんとイチゴがでてきたー嬉しい！シロップにも大のこだわりが詰まっているんですって。そして私の大好きでたまらないしろくまかき氷ちゃんも♡最初から最後まで一秒たりとも飽きずにずーっと美味しい♡毎月行きたい大好きな焼肉店です。ご馳走さまでした！２９２９☺,女性・東京都
16,00000001,蕃 YORONIKU,4.49,東京都内,347,恵比寿駅から2分、焼肉名店「蕃 YORONIKU」と「カルネジーオイースト」が入った飲食店ビル、通称”肉ビル”。せっかくなのでまとめて2件テイクアウトの予約をして訪問。こちら「蕃 YORONIKU」はOMAKASE経由で「実山椒の和牛ちらし（2500円）」を。https://omakase.in/ja/r/ah624108焼肉屋のテイクアウトというと焼肉弁当が多いが、こちらはお肉も柔らかく煮込んだ肉をほぐしたような感じのチラシというスタイルにしており温め直さなくても大丈夫なのが嬉しいところ。さらに芸が細かく、半熟ゆで卵とトリュフが乗ってるあたりも楽しさがある。山椒の風味もほんのり香り、非常に完成度の高い肉チラシだったなあ。テイクアウトお弁当は苦手だったけど、これはいけるよ！,
17,00000001,蕃 YORONIKU,4.49,東京都内,347,"南青山「よろにく」の高級ライン「蕃YORONIKU（えびすよろにく）」。食べログでは4.21（2020年4月）と高得点、シルバーメダルも獲得し百名店入りしています。その他の系列としては赤坂「みすじ」、末広町「生粋（ナマイキ）」など、焼肉業界の一大勢力と言えるでしょう。恵比寿駅から徒歩数分にある飲食店ビル「GEMS（ジェムズ）」の最上階に位置します。19:30に予約を入れており、19:21に到着したのですが、「えっ？19:30のご予約ですよね？」と、私を非難するような口調が気になりました。こういう店は、まあ、つまり、そういうことである。店内はボックスシートと個室のみであり、ある程度ゲストのプライバシーが守られています。焼肉と言えど調理は全て店員にお任せ。したがって各テーブルにひとりづつバイトが貼り付くこととなり、席数に比して異常に店員がワラワラいるなあという印象を受けました。密です。お通しに豆腐。出汁の旨味が強く悪くない味覚です。ただ、客単価1万円を超えるレストランのお通しで数百円のお通し代を請求するのは心が貧しく感じました。8,500円のお肉中心のコースを注文。冷製盛り合せとしてセンマイ、ヒレ炙り、ユッケが到着。センマイは臭味はありませんがコクもなく無味無臭。ヒレ炙りは悪くないのですが、肉を持ち上げた瞬間に光の速さで皿が下げられ、薬味を楽しむ機会を逸しました。ユッケはイケメンの店員が厳かにバゲットを炙ったのち盛り付けてくれます。脂たっぷりで芳醇な味わい。フランスで食べるタルタルステーキとは芸風が異なり、脂を楽しむ味覚です。右からネギタン、上タン、ハラミ。そうそう、当店の肉は高級和牛の卸「日山」から仕入れているそうです。調理は全て店員が対応してくれ、我々の担当は二十歳そこそこのイケメン君です。ちなみに再び薬味を光の速さで下げられそうになったので、連れが「あっ！待って！まだ食べる！」と声を上げると、イケメン君は驚愕の表情を浮かべました。シンシンとツチノコ。ツチノコとは腰の内側の部分であり、ツチノコのようにレアなためそのように名付けられたそうです。いずれも肉としては悪くないのですが、単に柔らかいだけという指摘もある。箸休め（？）にお椀。俺のタンを茹でる気かと思うほど温度が高く、この温度帯できちんと味を判別できるのかどうかは疑問。シャトーブリアンにシルクロース。シャトーブリアンもツチノコに負けない希少部位。唇で押さえつけると裂けるほど柔らかい。スペシャリテのシルクロース。絹のようにスライスされた肉をサっと網で炙り、一口サイズのゴハンに包んで食べます。絹のようにとは良く言ったものでコンドームのような薄さでもあり、なるほど確かに美味しいのですが、はっきりいって食べ応えはありません。続いてサーロインにザブトン。サーロインは珍しいカットであり、エリンギのような外観が面白い。今回は薬味を取り上げられないよう、店員からめちゃくちゃ遠い位置で食べるよう心掛けました。ザブトンはタレをたっぷりつけるよう指導され、卵黄と共にすき焼き風に。これも美味しいのですが、繊細さからはかけ離れた食べ物であり、果たしてこの立地この従業員たちに囲まれて食べる必要があるものかと思い悩んでしまいます。途中から何だか悔しくなり、連れと共にビールを1杯づつしか飲まなかったのですが、最終的な支払金額はひとりあたり1.2万円でした。うおー、この店はマジでやばたにえんですね。現在はマジャパヒト王国のように勢力を保っているかもしれませんが、数年後には存在しないだろうなというお店の典型です。作者不詳の料理（？）が延々と続き、主題である肉も柔らかいだけで特長がなく、歯が弱くなった高齢者がそれでも焼肉を食べたいといった状況にしか用途が思いつきません。客単価の割にサービススタッフはバイトばかり。それでもその内部統制は某国並であり徹頭徹尾クオーツのように四角四面な対応です。マニュアルを完璧にこなしていることは伝わるのですが遊びが無い。美男美女を取り揃えているのは流石の一言ですが、焼肉屋で性をマネタイズする必要はあるのかという違和感はとても強い。■写真付きのブログはコチラ→　https://www.takemachelin.com/2020/04/yoroniku.html",東京都
18,00000001,蕃 YORONIKU,4.49,東京都内,347,写真はテイクアウトですが、普段行っているぶんを全く書いてなかったので普通の口コミとして書きます恵比寿駅東口徒歩数分のGEMSの中に入っているよろにく恵比寿。よろにくは南青山に続き2号店ですが、こちらの方にオーナーさんもいたりしてメインはこっちみたいですね。何度もお世話になっているお店ですが、こちらのお店はやはりコース構成が他のお店と違いますね✨もちろん使っているお肉は天下一品のもので、グレードの高いコースにしたりすると素晴らしいタンとかが出てきます！でもそれだけではなく、コースの一品一品の見せ方など、今でこそ進化系の焼肉屋さんは増えましたが、ここのよろにくがパイオニアと言っていいと思います一つ一つの品物が、単なるお肉としてだけではなくて色々な食べ方、タレ、付け合わせで一つの料理として完成されたものが次から次に出てくると言った感じです‍♂️感覚的にも飽きないし、味としてもまったく飽きないので、最後まで楽しく美味しくいただけます。定期的に行きたいお店です☺️ちなみにテイクアウトの花山椒と和牛のお弁当も最高でした！冷えてもおいしいように計算されていて、山椒の香りと甘辛く味付けされたホロホロのお肉がベストマッチでさすがでした,30代前半・東京都
19,00000001,蕃 YORONIKU,4.49,東京都内,347,うどんが主食の公式ブログ　https://alwaysudon.com/sugalabo-tolyo/うどんが主食の公式メルマガ　http://alwaysudon.online/mailmagazine/instagram　https://instagram.com/alwaysudon/よろにくのテイクアウト。「花山椒の和牛ちらし」一時に比べて安くなってきたとはいえ、まだまだ値の張る”花山椒”その花山椒をたっぷりと散らして和牛のしぐれ煮、錦糸玉子とよく合いますね。茸の皮の弁当箱も粋な感じがして、さすがバンさんですね。,
20,00000002,焼肉 ジャンボ はなれ,4.48,東京都内,317,【まとめ】焼肉の超有名店ジャンボのはなれ。特選部位以外のお肉も極上品質。アラカルト系の焼肉屋さんでは味はピカイチですがあまり接客などは期待しないでひたすらお肉を食べましょう。【感想】☆×3.6機会があれば再訪したいジャンボさんは白金店は伺ったことがありますがはなれは初。平日なら運が良ければ席が取れますが、土日のゴールデンタイムとなるとかなり予約が難しいです。今回は2ヶ月前にWEB予約。大江戸線本郷三丁目駅から徒歩5分以内で雨降りの日でしたがとても助かりました。入店後検温とアルコール消毒。まぁこの辺りの対応の雰囲気で「接客は期待しないほうが良い」ということがわかりました。サービス料無しなので高く求めるのもおかしい話ですが、白金店は店員さんみんなお肉が大好きって感じが伝わってきて、食べてるこっちも気持ち良かったし、丁寧で楽しかったんだけど。名物的な牛ご飯は事前予約制のようですが、量が結構多そうなので今回は予約無し。ちなみに残ったご飯はお持ち帰りもできるそうなので、量の観点で見送らずに持ち帰り前提で頼むという手もあるそうな。メニューは通常と特選部位的なものに分かれていて、特選部位の方は無くなったりすることも多いそうですが、今回はほとんどあると言う幸運。オーダーしたのはこちら。■ヒレステーキ皆さんが想像する「霜降りステーキ」のど真ん中をいくようなお肉。店員さんが焼いてカットしてくれます。美味しいですが先日食べた牛蔵のヒレに比べるとそこまで感動はなく。■野原焼きジャンボといえばこれですね。薄切りの霜降り肉をサッと炙って卵にイン。流石の美味しさ。■ミスジ薄切りの霜降りでほぼ野原焼きって感じ。凄まじい脂で幸せ。■上タン塩厚みがしっかり。鮮度の良さが歯応えで伝わってきます。■ハラミこちらは厚切り。お肉らしい食感と適度な油でこれが本当に美味しい。■ロース薄切り。特選部位に比べると霜降り具合は低いですが、これはこれでめちゃくちゃ美味しい。ハラミ、ロースときてわかりましたが、こちらは特段特選部位を選ばなくても普通の肉で十分、というか脂控えめで「肉食ってる！」感じがしていいかも。■上ミノまぁまぁ。■レバ焼きまぁまぁ。■ユッケ風ローストビーフまぁまぁ。■牛の握り（4貫）〆として1人2貫頼みました。玄米茶で炊いたシャリにトモサンカクのお肉を片面だけ炙ってオン。期待通りの味わい。上記を食べて腹8分目〜9分目くらい。後は〆のご飯ものとか食べれば満腹かなってイメージでしたが家にデザートがあったのでここで打ち止め。食べたいものと飲みたいもの飲んで二人で22000円ちょい。食べられるお肉の質を冷静に考えるとやっぱり安いかも。こちらのお店で満足度を上げるのは、特選部位などに目もくれず通常メニューからある程度お肉を頼むことでしょうか。多分僕が再訪するとしたら、カルビ、ハラミ、ロースを×2くらいで頼み、特選部位は野原焼きで十分かもとかって思ってしまいました。それだけお肉全体の質が凄まじいということです。滞在時間1時間で美味しいお肉を食べれて幸せでした。もうちょっと予約が取れやすいといいのだけど。ごちそうさまでした。,男性・東京都
21,00000002,焼肉 ジャンボ はなれ,4.48,東京都内,317,後楽園在住の友人宅に訪問する際に手土産として訪問、購入。現在お弁当はHPから受け付けており、表記的には当日の13時30分まで予約出来るっぽいです。私は2日前の昼に予約し、焼肉そぼろ弁当を2つ注文。さて当日、18時の受け取り時間ちょうどに訪問。やや早い時間のためか、店内には1組2名のみでした。店内にて受け取るのですが、注文時にクレジットで既に決済されているため現金のやり取り等は発生しません。withコロナの時代ですね、、、※ちなみに店内を見たら、2席分、間を空けるなど　3密回避がなされていました。また、受け取り時に店員に「これそのままレンチンいけますか？」と聞くと「ちょっ！ちょっと待っててください！！」と別の店員のところに行きました。ヨロニクでも感じましたが、最近の焼肉屋は若いビジュアルのいいバイトを雇うのが流行りなんか？それなりの支払いをする以上、やはりプロに相手して貰いたいんやが。そしてタクシーに乗り友人宅に向かい、早速実食です。いやはや、うまいぞ。焼肉の部分は適度に脂が乗っており「噛む」というより「溶ける」印象。味付けもしつこくなく、飯が進む進む。そぼろも肉の1つ1つに味がしっかりと付いておりこれふりかけにして売って欲しいぐらい旨い。何よりコクが強いのに、飽きが来ないバランス。ここで友人から「なぁ、これめっちゃ柔いけど部位どこなん？」「すまん聞いてへんわ。」「え？説明なかったん？」と気まずい空気になりました。持ち帰りだから接客がおざなりなのかそれとも誰に対してもあの対応なのか弁当が旨かったら、訪問しようと思ってましたがうーーん。これはないですねぇ。しかし1680円という支払い金額に対しては圧倒的な内容だと思いました。,20代前半・東京都
22,00000002,焼肉 ジャンボ はなれ,4.48,東京都内,317,焼き肉ジャンボはなれ　南原社長コース南原社長コース定期訪問先4人の食べ会ですノンアルコールビールで乾杯◎キムチ、ナムル盛り合わせ◎ハツ　ザブトンお写真ぜひ左が「ハツ」　右「ザブトン」南原社長自ら焼いてくれます「ハツ」は塩だれ「ザブトン」は何もつけずにそのまま柔らかく、上質な甘味に溢れた肉質◎ランプ披露次に「ランプ」の披露お尻の部位しっかり火を◎野原焼き定番メニュー　野原焼き南原社長が焼いたサーロイン玉子にからめていただきます◎タン　ともさんかく　みすじ次のプレートには、三つの部位が左から「タン」　中は「ともさんかく」右「みすじ」まずは「タン」から塩だれでいただきますが、絶品◎ランプの　ローストビーフ風　ユッケ風ハツ、ザブトンのあとに披露されたランプしっかり焼き上げてローストビーフ風にさらにユッケ風にお好みで焼き海苔を◎みすじ　ともさんかく「3つの部位」が乗ったプレートに戻りまして「みすじ」さらに「ともさんかく」の肉寿司酢飯は玄米茶で炊いたもの◎口直しお豆腐◎牛カツカツ丼風に絶品◎ひれみみ　ひれ最後のプレート左「ひれみみ」　右が「ひれ」焼けば焼くほど柔らかくなる希少部位「ひれみみ」塩だれで脂たっぷりの「ひれ」は玉子にからめて◎冷麺締め的に追加◎特製カレーライス非常事態宣言解除後、初訪問となりましたが。あらためて、その美味しさに驚愕南原社長、ありがとうございました。ごちそうさまでした。,男性・東京都
23,00000002,焼肉 ジャンボ はなれ,4.48,東京都内,317,2020.8.前回いただいた『野原焼き』や『牛ごはん』が非常に美味しく、更に未食のものが魅力的なものばかりだったので再訪した本郷三丁目にある焼肉の名店の1つである「焼肉ジャンボはなれ」で夕ご飯です。今回も肉はお任せにしていただき、事前予約の〆ものは『ユッケご飯』にしてみました。今夜もめくるめく南原ワールドの開幕です。今夜の献立ハツ&巻きカルビ♡程よい厚みに旨味がたっぷりのハツ、口に入れた瞬間からとろけて甘味を出す巻きカルビ。最初から心をガシッと掴む肉たちです。キムチキムチも確り美味しい。野原焼き♡部位的にはサーロインで、すき焼き風の味付けしたこのお店のスペシャリテ。お任せコースなので自分で焼くことないですが、この『野原焼き』は全てお店の方が焼いて下さいます。軽く炙るような瞬間焼きかと思いきや、想像よりも確りと焼く感じ。濃厚な卵黄に絡めて食べると、口福です。ナムルもやし・ゼンマイ・ほうれん草のナムル。こういう基本的なものが美味しいと嬉しい。ランプ肉のローストビーフ風表面を焼き上げてから暫く蓋を被せて休ませて、更に焼いて仕上げられたランプ肉。分厚くカットしてから供されます。厚みがあるので食べ応えもあり、咀嚼の度に旨味が溢れてきます。激旨っ。上タン塩・中肉・トモサンカク♡まずは上タン。サクサクを超えるサックサクな食感で、噛むのが楽しい♪中肉はお尻の方の外モモだそうで、トロリととろけてながらも最後は留まるような感じ。最後のトモサンカクは片面焼きで、玄米茶で炊いた茶飯に合わせて、名物の『和牛握り』に。美味しい♡豆腐口直し。オムライス♡ずっと気になっていた『オムライス』を中〆として。存在感のある椎茸や玉葱の具が大きく入っていて、玉子はトロトロ、酸味のあるトマトソースの中で、牛肉の旨味がグッときます。侮れない美味しさ！サガリ・ミスジ・カメノコサガリはまずはそのままで。十分に美味しく、旨味が濃い。2切れ目は出汁ポン酢で。よりさっぱりとして、切れ味のある旨味が楽しめます。カメノコはしっとりしながらも旨味が強い。ミスジはタレと卵黄を絡めるタレ玉で。厚みがあるので、口の中での存在感が素晴らしく、肉の旨味＋タレの甘味＋玉子のコクの連鎖がたまりません。ユッケご飯♡♡要事前予約のはなれ限定の炊き込みご飯。石釜焼き風でいただくユッケと卵黄の混ぜご飯です。蓋を取ると、香りからヤバい！混ぜ込んで食べると、ご飯の熱で火が通った肉がとろけます。肉の甘味とタレの甘味にご飯が包み込まれるようで、止まらない美味しさ。ハーフカレーライス♡極濃厚なルウは肉がたっぷりと入っていて、実に肉々しい。やはりさらりとしたカレーよりもこういうぼってりとしたものの方が好み。カレーも美味しい♡ハーフ牛丼こういう甘辛の味わいは日本人は大好物だと思います。もう少しタレがご飯にかかってるともっと好み。杏仁プリンやはり〆は甘いもの。今回も実に美味しかったです。定番の『野原焼き』は何枚でも食べられそうな美味しさで、あまり焼肉でご飯は食べない私ですが、ここでは非常に欲しくなります。今回の収穫としては〆ご飯を多く食べれたので、その侮れない美味しさに驚いたことかな。『オムライス』や『カレーライス』はハーフサイズでも必食したいほどに美味しい。前回いただいた『牛ごはん』も『ユッケご飯』も甲乙つけ難い美味しさで、大人数ならばいっそのこと両方という選択が正しいかもしれません。肉は勿論美味しいですが、色々な〆ご飯を注文して炭水化物祭りをするのもこのお店の楽しみだと思います。帰り際にジャンボの創設者である南原 竜男さんにもご挨拶でき、嬉しかったです。次回は冬にまた未食のアレを食べに伺います。18610,神奈川県
24,00000002,焼肉 ジャンボ はなれ,4.48,東京都内,317,"インスタを見てくださった方にはこちらが種明かしとなります　　特別な計らいで店内でお弁当を食べさせていただいたのです　ランチ営業は無いお店です通常は出来ませんのでご了承くださいホームページよりネット予約もできる2,000円以下のお弁当『焼肉そぼろ弁当』載ってる肉の質が素晴らしい！こんな旨い焼肉弁当他にはないかも本郷店は目の前にあるのですがそちらで買った3,000円超えの弁当も一緒に個室でいただきました冷たいお茶もおしぼりも出していただき親切にしてくださってありがとうございましたさすが一流のお店だと思いました香港のジャンボに行ったのは昨年の12月予約も難しいほど人気店ですセットの一番高いものでランチタイムは8,000円ほどです（サービスチャージを除く)追加でお肉を注文したので2人で36,000-円程でした香港店で働いていた方が日本のジャンボはなれにいらっしゃいましたhttps://www.instagram.com/p/CFBS5FyAhR7/?igshid=6ioyhf6403j",東京都
25,00000002,焼肉 ジャンボ はなれ,4.48,東京都内,317,焼肉ジャンボ　はなれ﻿﻿個室でゆっくりいただきました。﻿とにかくどれも美味しいのに、安い！﻿﻿コスパ最強、しかもサシのバランスとカットが絶妙なのか、脂が多い部位でもどんどん食べれてしまいます。﻿﻿高級焼肉店で内装や見かけが派手なところも増えてきてますが、シェフなんていないわけですから、こういった素直に美味しい肉を食べる焼肉屋が原点な気がしました。﻿﻿ご馳走さまでした！﻿﻿#うどんがおかず#食べログうどんがおかず#japanesefood#本郷#本郷グルメ#ラーメン#蕎麦スタグラム#yummy#igers#igersjp#うどんすき#うどん好きな人と繋がりたい#ラーメン好きな人と繋がりたい#蕎麦好きな人と繋がりたい#食べログ高評価#うちたて家#つけ麺が好きな人と繋がりたい#麺すたぐらむ#焼肉#焼肉好きな人と繋がりたい#焼肉ジャンボ#食べログ百名店 食べログ#食べログ高評価#食べログ4超え,
26,00000002,焼肉 ジャンボ はなれ,4.48,東京都内,317,大学時代にお世話になった先輩に招待いただきジャンボはなれで花金ディナー。十年ちょいくらい前に行ったことがあった気がしていたが本店だったようでこちらはおそらく初訪問。だいぶ昔に後楽園に住んでいたのでこの辺も来たことあるはずだが本郷三丁目周辺の記憶は全くなし。常連の先輩の注文でメニュー載っていない裏メニューたくさんのおまかせのコース。社長自らが最高の焼き加減で焼いてくれ、どのお肉も一番いい状態で堪能。シャトーブリアンとヒレの食べ比べということでドカンと塊肉をそれぞれ焼いてもらって食べたが見た目が同じなんで途中でどっちがシャトーブリアンかわからなくなったがどちらも旨い最後の炊き込みご飯も裏メニュー。カロリーたっぷりのようだったのでお代わりは控えたが大きめのお肉も入っていてこれもまた絶品でした！#焼肉ジャンボはなれ #ジャンボはなれ #焼肉ジャンボ #本郷三丁目グルメ #東京グルメ #グルメ好きな人と繋がりたい #美味しい焼肉 #シャトーブリアン,
27,00000002,焼肉 ジャンボ はなれ,4.48,東京都内,317,"焼肉ジャンボは、1988年江戸川区篠崎で誕生。創業以来、黒毛和牛のA5ランクにこだわった稀少部位焼肉の名門として、多くのお客様に愛され続けている焼き肉界のレジェンドである。①　味　　　　　  ★★★★（5段階評価中4点）②　コスパ　　　 ★★★★（5段階評価中4点）③　モテ　　　    ★★★★（5段階評価中4点）④　アクセス　   ★★★★（5段階評価中4点）価格：12,000円前後アクセス：メトロ丸ノ内線・都営大江戸線「本郷三丁目駅」より徒歩4～5分予約：人気店なので予約必須カード：OK本郷店とはなれのメニューは同じだが、本郷店は開放的なテーブル席や座敷席がメインに対して、「はなれ」はカウンターや個室がメインになっている。周りを気にせず落ち着いて食べられる「はなれ」を予約できたなら、ポイント高い。焼肉ジャンボの特徴は、なんといってもA5ランクの黒毛和牛。シェフの南原氏が長年の経験から見極めた、その日一番良い状態の肉を仕入れ、その日の肉のサシの入り方によって、プロにしかわからない細かな箇所を確認しながら、最適な薄さにカットしてくれることで至高の焼肉が楽しめる。店の地下には個室が用意されており、気心知れた仲間との食事会に使えるのも魅力の一つ。気さくに贅沢な時間を過ごせる焼肉店なので、デートにもおすすめ。メニューは基本アラカルトで注文。ジャンボに来たら必ず注文してほしいメニューはこちらである。野原焼き野原焼とは、薄切りのサーロインを割り下と秘伝のタレで味付け。香ばしく焼き上げたお肉に、埼玉の養鶏場から届く新鮮な卵にくぐらせて、和牛と卵のマリアージュを堪能する一品だ。目の前で丁寧にスタッフが焼くところから、卵をくぐらせ、口に入れるまでの光景はまさに時が止まったかのようなスローモーション、一連の流れも楽しみたい。他にも食べて欲しいメニューや小ネタ集を以下に乗せておりま～す。＝＝＝＝＝＝＝＝＝＝＝＝＝＝＝＝＝＝＝＝＝＝＝＝＝＝＝＝＝＝＝＝＝＝＝＝＝＝＝＝＝＝＝＝https://www.tokyofoodie.net/post/a5%E9%BB%92%E6%AF%9B%E5%92%8C%E7%89%9B%E3%81%B8%E3%81%AE%E9%A3%BD%E3%81%8F%E3%81%AA%E3%81%8D%E6%8B%98%E3%82%8A%E3%80%8C%E7%84%BC%E8%82%89%E3%82%B8%E3%83%A3%E3%83%B3%E3%83%9C%E3%80%8D%E3%81%AF%E3%81%AA%E3%82%8C",女性・東京都
28,00000002,焼肉 ジャンボ はなれ,4.48,東京都内,317,【2020年Silver】【2019年Silver】【2018年Silver】【2017年Gold】【2020年百名店】【2019年百名店】【2018年百名店】２ヶ月前には武漢ウイルスも収束してるかと予約したものの・・「焼肉 ジャンボ はなれ」最もヤバそうな日になってしまった・・車か電車か？　湯島方面から行くか？本郷三丁目にするか悩んで結局電車で本郷三丁目から向かいました。土曜の夕方、思っていたより電車も街も人が少なく、店内は座席間を開けたセッティングで懸念は払拭しました。丸一日降り続いた雨は、駅に着いた頃からあがって・・結局戻る迄降られずに済みました。韓国や中国っぽい料理は敬遠してましたが、ココなら良いかなと思い予約。行く前からある程度頼むメニューを決めて伺いましたが、予約時に頼まないと用意出来ない物が何品か・・生中＋麦ロック＋芋ロック；2620円野原焼き＋半ライス○；1850+230円まず、やげんやきかと思ったらのはらやきでした(^^;　同じ様に濁り酒もえいゆうかと思ったらひでおでした・・・行く前に覚えておいた方が良いです。生卵と一緒にサーロインの薄切りが登場。　先に生卵を割って溶き卵を作っておきます。顔見せのサーロインは、その後店員さんの手で目の前で焼かれて巻かれて溶き卵の中に・・それに合わせて「半ライス」を追加注文しておきました！　狙ったのは、超高級玉子掛けご飯(^^;激旨過ぎて、これで帰っちゃって良いカモって気分になりました。　ついお替わり白センマイ刺し◎；820円久々にセンマイ刺しが有ったのでオーダーしましたが、これも過去最高の激旨でした。センマイ自体には殆ど味は無く、ただ歯応えだけなので、辛味噌の味次第なのですが・・これが辛さも味噌感も味の継続さ加減も絶妙でした。　たまらず後半にお替わりしました(^^;タン塩○；1650円タン類は一組１皿だけとの事でしたが、上タンじゃ無く並タンで。焼き方を教えてもらい・・自分で焼きます。　肉も良いけど塩だれが旨い。カルビ◎；1280円こちらも過去最強のカルビでした。　肉厚の身と霜降り加減、そして何と言ってもタレ！自宅なら、多分一切れでご飯一杯食べられます。握り○；1200円こちら、シャリとネタは別々に出されて、目の前でネタの部分を焼いてくれます。そしてシャリに乗せて特に握らずそのまま食べますが・・これも激旨ロース；1280円激薄のロース肉、４秒焼いてからとの事で・・こちらは溶き卵に入れて食べます。同じ位の値段だったらカルビの方が肉感が強くて好きカモカレー；1500円焼き肉屋でご飯物が充実してるのは不思議な気もします。と言うのも、ご飯物を食べて肉を食べずに腹一杯になっちゃう～　こちらのカレーも名物らしいですが、スパイスの香りはするものの全然辛く無い。肉はゴロゴロ入ってます。オムライス○；1350円そして名物のオムライスは、肉の他に大粒の椎茸がゴロゴロ出て来ます。上に掛かるケチャップソースは結構酸味が強め。　これで殆ど基本は網羅出来たでしょうか(^^;　食い過ぎにならない程度で退散しようと思ったら歩くのも大変な位に満腹,男性・千葉県
29,00000002,焼肉 ジャンボ はなれ,4.48,東京都内,317,訪問2020年7月12日場所本郷三丁目駅から歩いて4分予約あり・お誘い・不明待ち予約のためなし人数6人金額20000円／人注文南原さんコースキムチ盛合せナムル盛合せハツザブトン野原焼き上タン塩しんしんハンバーグシャトーブリアンのカツ煮和牛握り箸休めシャバ臓焼ヒレミミシャトーブリアン牛ヒレご飯カレー冷麺メモ本郷三丁目にある焼肉屋。東京メトロ丸の内線、都営大江戸線の本郷三丁目駅から徒歩5分ほど。2013年9月18日オープン。焼肉ジャンボ一味のひとつで他に篠崎店、白金店、本郷店があり本郷店ははなれと目と鼻の先にある。肉の切り付けと秘伝のタレが特徴的。野原焼きは必食。基本的には自分たちで焼くスタイルだが店員がお肉の焼き方をしっかり教えてくれるので安心して大丈夫。また野原焼きなど一部のお肉は店員が焼いてくれる。定休日はなく不定休。予約は電話にて毎月1日の午後1時から翌月末日までの予約を受け付けておりぐるなびサイトからは2か月先までのネット予約を受け付けている。席はカウンター5席と個室テーブル席あわせて25席。貸切不可。カード可、電子マネー不可。専用駐車場なし。,
30,00000002,焼肉 ジャンボ はなれ,4.48,東京都内,317,誰が何と言おうと純粋な焼肉店の頂点は南原さんの火入れで頂くジャンボはなれで間違いない。今回は牛ご飯から始まるコースにして頂いた。・牛ご飯☆☆☆炊き込みご飯部門個人的には不動の一位。STAUBが運ばれてきた時の香りのワクワク感はいつ食べてもたまらない。ゴロゴロのヒレ肉とコンソメご飯の相性は抜群で味も食感も最高。持帰り翌日食べてもヒレ肉は柔らかく驚く。・ハツ☆☆ハツ部門個人的に一位。臭みが一切ないハツ。出汁塩ダレで頂く。コリコリの食感でジャンボでしか食べられない。・ザブトン☆こちらも塩ダレで。サシがスッキリしており脂の甘みしか感じない。・タン☆中ぎりのタン。・イチボ☆こちらは肉寿司で。ジャンボの肉寿司は寿司屋の寿司には寄せないという思想で茶飯を使用。いつ食べてもお肉と米が良く合い格段に旨い。・ヒレ☆薄切りのヒレ。・カツ煮☆☆☆牛ヒレ肉カツの煮込。ジャンボでしか食べられない凄まじいインパクトの逸品。レアで衣の食感も残しつつ玉子でとじられておりご飯にのせて頂くと悶絶。レビューを書いていてもよだれが出る程のお料理。・牛丼・冷麺☆とろみのある魚介と牛骨のスープに太めの麺。最近シンプルな冷麺トレンドではあるが、ジャンボの冷麺も唯一無二。タレ、仕入れ、カット、火入れ、どれをとっても焼肉の頂点としか言いようが無い。訪れる度に新しいメニューも食べられる。焼肉とは何かを常に再確認させて頂く。今回もいつもながら最高すぎた。,40代前半・男性・東京都
31,00000002,焼肉 ジャンボ はなれ,4.48,東京都内,317,うどんが主食の公式ブログ　https://alwaysudon.com/mentomirai-shimokitazawa/うどんが主食のYouTube　https://www.youtube.com/user/techno9353/featuredうどんが主食の公式メルマガ　http://alwaysudon.online/mailmagazine/フランスからシェフの友人が帰ってきたので焼肉でも、とやってきました。焼肉で困ったときは、やはりジャンボです。遅い時間だったのですが、何とか席を作ってもらいました。焼き手は当然、南原社長で、すべてお任せ。マキ、ハツから始まり、野原焼・・・・上ハラミブロック、ヒレミミと完璧なラインナップ。農業大国フランスでシェフをする友人も大喜び。そりゃ～そうでしょう。肉といえば焼肉です。フランスでも有名らしいのですが、大満足して帰ってくれました!,
32,00000002,焼肉 ジャンボ はなれ,4.48,東京都内,317,数年前から高級店で流行のコース仕立ての焼肉を新焼肉、従来のスタイルの焼肉屋さんを純焼肉、とするなら個人的に純焼肉の中で1番好きかもしれません。投稿は2度目。前回は4年前とだいぶ間が空きました。足遠くなった理由は、単に他に気になるお店がたくさんあったからなのですが、いろんなお店に行ってみて改めて気付かされるは、この名店の凄さです。コスパと質の両立。そのバランス感覚は秀逸です。希少部位はさすがにお安くはありませんが、カルビ、ロース、ハラミ、ホルモン、ハツなどのレギュラー陣がとにかくコスパよくハイレベル。この日のハラミはこんな美味しいのいつぶり？というレベルでした。名物野原焼きも現在。いろんなお店が増えても色焦ることのない名店。ちょくちょく使わせてもらいたい。オススメですっ！,
33,00000002,焼肉 ジャンボ はなれ,4.48,東京都内,317,大好きなジャンボの焼肉を食べたくて、はなれに伺いました♡定期的に伺う焼肉店の一つです！平日の夜21時であれば、2週間前でも予約とれました。オーダーはアラカルトになります。・キムチ盛り合わせ・ハツハツは片面１０秒ずつ焼く、ジャンボがきっかけでハツが大好きになりました。・シャトーブリアンこの日はラッキーでシャトーブリアンがありました♪両面しっかり焼いたあとに、しばらく中まで火が通るまで寝かせると、ふんわりと脂がじゅわっとした最高な味わいが♡・イチボ・和牛のおすし説明いらないほど絶品で、必ずオーダーする一品です。・ユッケ風ぶつ切りローストビーフ・野原焼き野原焼きは、卵がちょっと脂を落としてくれるので、ガツンと味わえるのに、ベロっと食べれてしまう大好きな一品♡・オムライスオムライスの酸味が焼肉の〆にぴったり・・。いつもついリピートしてしまい一品です。・カレーライスいつ来ても飽きない大好きな焼肉店です♡,20代後半・女性・東京都
34,00000002,焼肉 ジャンボ はなれ,4.48,東京都内,317,"焼肉ジャンボ本郷さんにテイクアウトのお弁当を買いに行こうとした日、WEBでテイクアウトメニューを見ていると、はなれ限定のお弁当メニューがあることに気がつきました。贅沢に焼肉ジャンボ本郷とはなれのはしご（笑）はなれのお弁当のラインアップは3種類・焼肉ジャンボはなれの焼肉・ステーキ重　¥4,900・ジャンボ特選黒毛和牛弁当　¥2,900・上タン　ヒレカツ煮重　¥9,500お弁当で¥9500！？　と目が飛び出そうでしたが、せっかくジャンボの味を堪能できるのならばと奮発して、上タン　ヒレカツ煮重をセレクト！！こちらのお弁当、お重になっており下段にはハラミステーキ重、焼肉重の最強肉重コンビがラインナップされており、上段には上タン・ナムルにヒレ肉のカツ煮という何とも言えないお重。ハラミステーキ重は、さめると硬さや臭いなどを心配しましたが、肉の臭みや硬さなどは皆無。柔らなく、肉のうまみを感じることができます。焼肉重は、ご飯が進む進む！！タンは冷めるとすこし硬さが出てしまいますが、ご愛敬。厚みのある上タンが2枚はいっており、切れ目をしっかりと入れたタンも入っており、タンとナムルでさっぱりなお重部分。ヒレカツ煮は、冷めても関係ない旨さ、そして肉の柔らかさ！！こんなカツ煮食べたら、豚のカツ煮はもう食べれない（笑）おちらも、お値段を出した分、しっかりと納得できる内容。",30代後半・男性
35,00000002,焼肉 ジャンボ はなれ,4.48,東京都内,317,焼肉 界を変えたと言われる#ジャンボ、肉質の良さは最高だ。加えて名物になったタレ の旨さはすばらしい。はなれで南原大将に焼いもらう特別会。４月の中旬、コロナで閉店になる店が多い中、このお店はやってくれて嬉しかった。でもこの週の後、３週間休みに入るという。５月中旬に復活したが、これだけの名店でもなかなか大変そうだ。◆タン焼き食べ比べ◆ナムル盛り合わせ◆キムチ盛合せ◆野原焼き はタレ焼きの名品だ。◆はらみ◆牛カツ丼◆牛肉混ぜご飯 牛混ぜご飯が新名物、これも驚くほど美味しい。持ち帰り弁当も豊富にあり、２つとカレーを頼み持ち帰る。弁当、カレーの質も高くジャンボはすばらしい,50代前半・男性・愛知県
36,00000002,焼肉 ジャンボ はなれ,4.48,東京都内,317,この日もいつものように南原社長に焼いていただきました。料理も美味いし、楽しくてお腹だけじゃなく心も満腹になれる焼肉屋ですね。この日は、初めてタン下の串焼きをいただきました。筋の多いタン下ですが、無数の包丁を入れることで筋を断ち、美味しくいただけるのだそうです。筋が多いということは反面、旨みも強いということですから味の方はもう言わずもがなで最高でした。またそろそろ予約入れなきゃ。,
37,00000002,焼肉 ジャンボ はなれ,4.48,東京都内,317,焼肉百名店焼肉ランキング4位2020/4『焼肉ジャンボはなれ』✨✨言わずと知れた焼肉の名店。日本の焼肉文化を築いたお店のひとつですね。やはりこちらを外しては焼肉は語れません。お店は2013年9月オープン。都営大江戸線本郷三丁目駅徒歩5分の場所にあります。店内は未だ新しく、綺麗。カウンターとテーブル席があります。最近流行りのコース仕立てではなく、昔ながらのアラカルトで焼肉を楽しむスタイル。焼きも、基本的に自分で行います。さて、焼肉ジャンボのお味はいかに(*´∇｀)ﾉ■アラカルトメニュー⚫野菜サラダ　690円　○焼肉屋のサラダで、そのお店のレベル（焼肉店としての完成度）をはかる。野菜の質は普通だが、ドレッシングの味がよく、それを丁寧に和えている。このクオリティなら納得。次回も注文しよう♪……………………………………………………⚫野原焼き　1850円　◎薄切りにしたサーロインを割下とジャンボ秘伝のたれで味付けし、香ばしく焼き上げ、卵をつけて頂く。うーん、堪らん。・゜゜(ノД`)この仕上げは、もはや珍しくはなくなったが、この肉質は別格。確かにこれは食べるべき1品です。……………………………………………………⚫ハツ　1100円  ○やはり鮮度よし❗塩だれがとても合う。旨いな。ただこれは他店と差はつきにくい。……………………………………………………⚫ハラミ 1850円  ◎4切れ、たれ仕上げ。うーん、素晴らしい肉のうま味だ。最近ハラミの旨さに目覚めたが、ジャンボのハラミ肉のうま味は別格。たれとの相性もいいな。……………………………………………………⚫カルビ　1280円 ◎うわっ、とても綺麗な肉の色。まぁまぁ、ジャンボと言えど、さすがにカルビで味の差はでないでしょ。そしてパクリ。あっ、美味しい(///∇///)何としたことか。しっかりサシの入ったカルビなのに、脂は優しく、甘く。また肉のうま味もひとちと違うな。僕はこのカルビ好き✨✨……………………………………………………⚫ユッケジャンクッパ　1700円 ○美味しそう～なクッパ。見た目もしっかり仕上げるのがジャンボらしいな。スープは濃厚。骨からだけでなく、肉、椎茸などからもいい出汁がでている。やや塩味が強めだが、上出来。■ドリンク⚫キリン一番搾り中瓶　620円とても良心的な値段設定。■接客カジュアルだが、悪くない（「よろにく」などと比べれば差はあるが）■料金お腹一杯食べて、1人9260円。これは安いわ。■利用シーンデート、会食、さまざまなシーンで利用できる。ただ“ムードは普通”、街の焼肉店です。やはり、オーナーは“味”をよく理解されている。焼肉に使われる肉だけでなく、「タレ」「焼肉以外のメニュー」の仕上げが丁寧、完成度が高い。焼肉のいち文化を築いたお店だけのことはあります。とても満足出来ました。ごちそうさまでしたm(__)m□評価　2020年6月時点食べログ評価4.34　口コミ件数280件,男性・東京都
38,00000002,焼肉 ジャンボ はなれ,4.48,東京都内,317,■和牛のおすし玄米茶で炊いたご飯にトモサンカクをクルッと巻きます。一口でパクッといただきます。肉の脂とお米の化学反応！本当に美味しい！■野ばら焼き柔らかい薄くスライスされたサーロインの脂と秘伝のタレと卵の相性は抜群です。これは素人には真似できない焼き方です。シャッシャ！ジャンボにきたら必ず注文する定番メニューです。■シャトーブリアンのカツ煮こんなに美味しいカツ煮を食べたことがない！歯を使わくても食べれるほど柔らかいシャトーブリアン。見た目も素晴らしいですし、期待を大きく超えてきました！■ヒレ肉ご飯ヒレ肉がゴロゴロ入っていて、フライドオニオンの香ばしい香りに食欲がそそられます。食べきれなかったヒレ肉ご飯はおぎにりにしていただき持ち帰りました。次の日の朝ごはんに。何度でも通いたい焼肉屋さん「ジャンボ」さん ◆注文したメニューキムチナムルハツ、肩ロース野ばら焼きローストビーフ上タン、ランプ玄米茶で炊いたご飯とトモサンカクかいのみステーキひれみみ、ヒレシャトーブリアンのカツ煮ヒレご飯ユーロご飯冷麺,女性・東京都
39,00000002,焼肉 ジャンボ はなれ,4.48,東京都内,317,"アナウンスに従い、レアな火入れで攻めてもお腹がゆるくならないのは鮮度が良い証拠。初めにドサっと品を頼んだ。タレか塩かは店に任せた。中盤から脂のくどさと塩加減の強さに箸が止まる。塩加減弱めと要望を出す。〆に冷麺。オムライスとカレーライスも試したいが、冷麺のクオリティを鑑みると期待禁物なのでこれにて会計。接客は丁寧で、品を提供するタイミングも上手だ。御馳走様。♦︎黒烏龍茶　　　　　　　　　　¥410♦︎ローストビーフ　　　　　　　¥1,450♦︎かいのみ３０秒　　　　　　　¥2,650♦︎三角カルビ１５秒　　　　　　¥2,600 ♦︎一番人気野原焼　店焼　　　　¥2020♦︎サブトン１０秒　　　　　　　¥3,320♦︎本日の上ロースらんぼそ５秒　¥2,500♦︎ミスジ４秒　　　　　　　　　¥3,320♦︎和牛握り　店焼　　　　　　　¥600♦︎ヒレステーキ１００ｇ店焼　　¥3,700♦︎上タン１枚３０秒　　　　　　¥650♦︎冷麺　¥1,550───────会計　¥24,770▼入荷が無かった肉♦︎シャトーブリアン１００ｇ　　¥4,500♦︎特選サイコロ　　　　　　　　¥2,860頻繁に網変えてくれる/上タンはひとり1枚迄/コース無し/盛り合わせひとり1万から/カウンター禁煙個室だけ喫煙可/メニュー税込表記/お通しサービス料共に無し/レシート出る/トイレ清潔ウォッシュレット付き各階に有り/接客丁寧/五大シャトー有り/ドリンク急かされない/水汲み無し",神奈川県
40,00000003,赤坂 らいもん,4.46,東京都内,134,言わずと知れた超予約困難店。運良く予約を取らせて頂き訪問。この日は松茸が入っており普段と違うコース。・上タン塩☆☆何度食べても感動の食感。ネギとレモンの相性が良いシンプルな下味が絶妙。・特選レバ塩焼☆☆レアで頂くレバー。鮮度が驚き。・シンシン炙り☆☆玉子で頂く目物。とろける赤身の食感が抜群に旨い。・特選ヒレ☆・特選ハラミ☆・サーロイン☆☆☆松茸とスダチで頂くサーロイン。サシと甘みを感じ松茸の香りが鼻腔を抜ける。こんな幸せがあって良いのかというレベル。・松茸と栗のチヂミ☆ホクホク食感のチヂミに松茸と自然の甘みの栗。他のチヂミが食べられなくなってしまう。・上ミノ・タンタレ・炒飯☆☆XO醤の炒飯。驚くほど旨い。・冷麺☆☆☆何度も家で食べた大好きな冷麺。甘みが強く出汁を味わえる飲み干せるスープは何度食べても悶絶。コシの強い太麺がスープと良く絡んで無限に食べられる。らいもんに来れるという幸福感があれば日々の仕事を頑張れる。狭き門ではあるが焼肉好きなら一度は誰かに連れていってもらいたいレジェンド店。,40代前半・男性・東京都
41,00000003,赤坂 らいもん,4.46,東京都内,134,食べログ全国焼肉ランキング1位、不動の絶対王者。しかも2位は本店の金竜山。ちなみに昨年の今頃は金竜山が全国焼肉1位でしたが、大方の予想通り抜き去りましたね。予約は1年待ち。そんな肉好き垂涎のプラチナシートにお誘いくださる仲良しマイレビュア様にはホント心より感謝m(._.)m本日は隣の席にも仲良しマイレビュア様たちが。もはや貸切状態w。幹事様の計らいで厚切り牛タン増量コース。肉々しさ全開のビジュアルで唾液腺崩壊。牛タンがこんなに美味しい食べ物であったことを再認識させてくれる店。そういえば久々に自分で肉を焼きました笑。シャトーブリアン、炙りシンシン、名物の骨つきカルビ、〆の盛岡冷麺、新メニューのチャーハンなど悶絶コースで腹パン大満足。それにしてもここの冷麺、店主が盛岡出身とのことですが、盛岡でマニアックな隠れた名店まで食べ歩きをしたこともある自分的にも比べる店がないほど完成度が高いなと。これは冷麺専門店を出しても行列間違いなしのレベル。ランチでシチューもいいけど冷麺もやって欲しいですね。また天の声を首を伸ばしきってお待ちしておりますw,男性・東京都
42,00000003,赤坂 らいもん,4.46,東京都内,134,Instagram    pateknautilus40https://www.instagram.com/pateknautilus40/ ご覧いただき有難うございます。皆様の『いいね』『フォロー』『お店の保存』を頂けると幸いです。The Tabelog Award 2020 Silver 受賞店の『赤坂らいもん』に再訪しました。いや～この日は前回にも増して美味しいお肉ばかりで大満足でした。最後の冷麺まで出てくるもの全てが美味しかったんです。お肉の美味しいのを食べられるのはこの上ない至福ですね。いつものメンバーだったので更に楽しかったし～ただ、終始煙との格闘で目からウロコならぬ目から涙がWWWまあそれもこちらの名物だと割り切れば楽しいのかもしれません。大満足の1日でした。ご馳走様でした。また伺います。なお、この日頂いたものは下記のとおりです。『上タン塩は、タン6本分を使ったタン元』『特選レバー塩焼き』『しんしん炙り、卵ダレで』『シャトーブリアン炙り、卵ダレで』『サーロインはおろしポン酢で』『ザブトン』『特選ハラミはタレと塩で、タレはエゴマと』『追加で特選ハラミタレ』『上ミノと味噌タン』『盛岡冷麺』『梨』,
43,00000003,赤坂 らいもん,4.46,東京都内,134,【再訪③】こんにちは、ミトミえもんです！instagram「＠mitomi_emon」blog「http://ameblo.jp/nobuhiromitomi」焼肉界の最高峰の山「金竜山」、最難関の門「らいもん」。前者の人気に安定にあれば、後者の人気には変化にあるのかも。それぞれを親子で経営しておりますが、娘夫婦は人気に胡座をかかぬ変化がございます。金竜山にはなかった「冷麺」はすでに定番として人気を博すが、またまた新しいメニューが誕生した。それがこの自家製のXO醬、辛味と乾物の味わいが、肉の調味料に、酒のつまみに、ご飯のアテにと縦横無尽に働きます。この延長線上で生まれた「XO醬炒飯も絶品。嬉しい新アイテムの登場だが、最難関の門の扉はさらに堅くなりそうです。笑その他のラインナップ。「上タン塩」「特選レバ塩焼き」「もも肉の炙り」「特選ハラミ」「サーロイン」「特選ヒレ」「ホルモンセット」「盛岡冷麺」,40代前半・男性・東京都
44,00000003,赤坂 らいもん,4.46,東京都内,134,焼肉【赤坂らいもん】赤坂見附遂に食べログ焼肉全国No.1になった予約困難さは幻級の赤坂らいもん。金竜山の娘さん夫婦が営み、金竜山のアラカルトとは違いらいもんはコース仕立てで提供してくれる。焼肉好きなら日本一登りたい山が金竜山なら、日本一くぐりたい門は赤坂らいもんであろう。洒落た焼いてくれる肉ではなく、The 焼肉！肉をシンプルな塩かタレで自分で焼くオーソドックスな焼肉スタイル。内容の素晴らしさに多くの常連が通いほぼ新規で入るのは厳しくなっている。上タン塩この縦切りの美しいタン！これを見ると肉通なら金竜山からいもんとすぐ分かる。シンプルに塩胡椒の味付けにレモンダレでさっぱり頂く。タン元中心の部位でプリプリで肉の味が濃い。特選レバ塩焼き美しい赤色で新鮮なレバーは塩焼きで。全く臭みもなく美味い。シンシン炙りユッケこちらも定番メニュー。シンシンは両面をサッと炙り卵と甘めのタレに絡めて。間違いのない美味しさ。特選ハラミ、サガリ今回はハラミとサガリ。ハラミはジューシーで肉質がよく、サガリは肉の旨味が強くて味わい深かった。サーロインしっかりサシが入り脂の乗ったサーロイン。脂を軽くするために大根おろしポン酢でさっぱりと頂ける品の良さ。シャトーブリアン正肉の最高部位。柔らかさ肉の味共に最高の質。こちらもサッとレアに仕上げてタレにつけて。ホルモン、コブクロホルモンもしっかりコースに組み込まれてるのが嬉しい。計算されたかのようにホルモンの脂で丁度肉の量がよくなり満足して締めへと移行できる。XO醬ご飯最近開発されたXO醬。帆立の旨味がかなり強くご飯との相性抜群。XO醬炒飯そしてそのXO醬を使い炒飯が新締めメニューで登場。これが絶品過ぎる。炒飯とXO醬の組み合わせが最強に美味い。盛岡冷麺甘めのスープにツルツルの麺。らいもんの人気締めメニューであるが、何とテイクアウトでは1日で1000食を売り切る大人気ぶり。店で食べる冷麺はやっぱり美味い。メロン甘いメロンを最後にコース終了。今は次の予約が来るのもかなり先になり行けるペースが下がり悲しいが、楽しみに次の予約を待とう。【おまかせコース】キムチ冷やしトマト上タン塩特選レバ塩焼きシンシン炙りユッケ特選ハラミ、サガリサーロインシャトーブリアンホルモン、コブクロXO醬炒飯冷麺メロン,男性・神奈川県
45,00000003,赤坂 らいもん,4.46,東京都内,134,--------------------------------------------------------------------【店情報】赤坂見附駅から徒歩3分。The Tabelog Award 2020 Silver 受賞店で現時点（2020.7）での食べログ焼肉部門の頂点に君臨する焼肉店。予約困難店の金竜山の娘さんご夫婦が営んでいます。今や金竜山以上に予約困難とも言われていて新規客は受け付けていない焼肉好きなら一度は訪れてみたいお店です。--------------------------------------------------------------------【レポート】▶︎上タン塩薄切りと厚切りの中間くらいの程よい厚みの大判なタンは下味の塩胡椒が絶妙で最高の肉質です。柔らかさ、旨味、そして一口食べた時のサクサク感とトロける感覚が素晴らしい。金竜山でも言いましたが最高のタンです。▶︎特選レバー塩焼き一目で分かる新鮮さのレバー。本当は生で食べたいが表面をサッと炙り胡麻油につけていただきます。口に入れた瞬間にとろけて無くなります。▶︎シンシン炙りユッケ綺麗なサシが入っているシンシンを数秒炙ってタレと卵黄にたっぷりつけていただくというご飯必須な一品。何がすごいってシンシンの肉質に驚きました。口に入れると噛まなくてもほどけていく柔らかい肉の繊維。これは今まで食べたシンシン史上No.1と言っても過言ではありません。▶︎特選ヒレ肉厚のヒレは歯のいらない柔らかさで旨味が凝縮されてきます。卵黄タレに絡めるとご飯が止まりません。▶︎青唐辛子南蛮漬け、XO醤青唐辛子の南蛮漬けはかなりピリ辛でご飯が進み、自家製のXO醤もすごく美味しくてご飯が進みます！油断してるとこれだけでご飯一杯食べてしまいそうです。▶︎サーロイン薄切りのサーロインをサッと炙りおろしポン酢でさっぱりといただきます。上質な脂とさっぱりさが口の中で絡み合い一瞬にしてとけてなくなります。▶︎特選ハラミ、サガリハラミは塩でサガリはタレで食べ比べ。どちらも文句なしの肉質だがタレサガリが特に美味しかったです。▶︎ホルモンセットこちらもしっかりとタレが絡んだホルモンでご飯が止まりません。▶︎XO醤炒飯ラードで一粒一粒コーティングされたしっとり系の炒飯。その上には自家製のXO醤がたっぷりと乗ります。香りと旨味が押し寄せてきます。これ本当美味しいです！冷麺と共にテイクアウトできるようにして欲しい。▶︎盛岡冷麺らいもんさんと言えばこの冷麺。麺は小麦粉と卵の風味がふわっと香り、ほんのりとした甘味が特徴でもちもちしこしこ食感。スープは麺の風味を最大限に活かすためあっさりめで甘めの味付け！〆にピッタリの冷麺です。▶︎デザート本日のデザートはメロンとさんらんぼ。--------------------------------------------------------------------【総評】幸せな2時間でした。食べたメニュー全てが文句なしにうまい！！金竜山よりも店員さんのの距離が近くアットホームな雰囲気なのが非常に良き点でした。次の予約は半年後。また誘っていただきたいです。ご馳走様でした。--------------------------------------------------------------------,20代後半・千葉県
46,00000003,赤坂 らいもん,4.46,東京都内,134,赤坂に美味しい焼肉屋さんがありますが、超絶有名店。今では日本一の焼肉屋さんとして、予約困難店になっております。有難いお誘いを頂いて、お邪魔してまいりました(*´艸｀) しょっぱなのキムチから美味しい♡ ・タンのお花畑♡焼いてネギくるんで、レモンで食べるだけなんだけどね。。。なんでこんなに美味しいの？！全然今まで食べてたタンと違う！！ ・角が立ちまくっているレバー軽く炙って塩ごま油つけて頂くんですけど、甘～～～い♡やっぱりレバー最強！！ ・しんしん炙り１枚が大きいのよ♪炙ったら、卵黄とタレに絡ませて頂きました。もう、なんとも言えません！！みんな御飯行くよね？！けどハイボールお替りです！！  ・２種のシャトーブリアン産地の異なる牛を２種用意してくださいました。鳥取の牛と近江牛。 肉奉行様が焼いてくれた焼き具合も最高だぜ♡ ・特選ヒレ  ・ハラミ　タレ、塩の２種 ・ホルモンもうね、お肉もサシもすべてが美しすぎて、はんぱないです。こんなに焼肉って美味しかった？！と思うほど。 ・特製チャーハンめっちゃパラパラチャーハン！！！これ凄い！！常連様だけのメニューなのかな？チャーハングランプリNO１だね。。。  ・ツルツルシコシコ冷麺らいもんの冷麺は必ずや話題に上る麺。この食感は本当に癖になりますよね～～～。あぁぁぁぁ、美味しすぎた。 ・メロンデザートは別腹。楽しくいっぱい食べて飲んだ～～～。焼肉は最近焼いてもらうお店が多いですが、みんなで和気あいあいと、各自のペースで焼いて食べてモクモクしちゃうのって、本当に楽しい！！人気店なのは心の底からわかりました♪は～～、楽しかったな(^^),女性・東京都
47,00000003,赤坂 らいもん,4.46,東京都内,134,2020.6.1年2ヶ月ぶりにレトロなビルの階段を上がる。そこにあるのは「赤坂 らいもん」。白金高輪の「炭焼 金竜山」の娘さん御夫婦が営む焼肉店です。不定期で営業しているランチの『タンシチュー』も人気で常に行列を成していますが、それ以上に人気なのが夜に営業している焼肉。数ヶ月待ちは当たり前で、一体どのくらいの人が待っているのか想像もできないほどの人気です。店内はカウンター4席と10席のテーブル席のこじんまりとしており、以前より空調が良くなったとはいえ、肉はガスロースターで焼くので煙い。最近の焼肉の臭いもつかないオシャレな焼肉店とは全く違うノスタルジックなお店ですが、人々を引きつけるのは美味しいからの一言に尽きます。今回も6か月待ちの末に再訪する方に便乗させていただきました。今夜の献立上タン塩♡独特の斜め切りの程よい厚さの薄さなのに焼き上げると、ザクザクッとした歯応えも感じ、旨味がジュワッと溢れてきます。特撰レバ塩焼き分厚いレバーは軽く表面を炙るようして焼き、塩胡麻油を絡めるようにいただきます。濃厚な甘味が舌に絡みつくように広がり、美味しい。シンシン炙り&特撰ヒレ♡甘味のある卵黄タレで、シンシンと特撰ヒレ(シャトーブリアン)の食べ比べ。どちらも炙るように焼き上げて、タレを絡めていただきます。どちらも厚みがあるので食べ応えは確りとある中でも、やはり特撰ヒレのシルキーな口溶けが素晴らしい。塩ハラミ&タレハラミ&カルビ♡分厚いハラミは塩とタレでの食べ比べ。「今日はカルビも良かったので」とカルビも出していただきました。塩ハラミは旨味もさることながら、食感がフワフワ。タレハラミは旨味の激流が口の中で暴れ回ります。カルビはサンチュで巻いて食べますが、決して隠れることのない肉の旨味がグイグイと主張しています。サーロイン♡大判のサーロインをサッと炙るように焼いて、粗めの大根おろしが入った特製ポン酢でいただきます。脂が強いサーロインでもあっさりと食べられ、甘味のある後味が愛おしい。ホルモンセット内容はミノと塩ホルモン。まずは綺麗な塩ホルモンは感じたことのないサクサクとしたら食感があり、逆にミノはとろけるような感じ。ホルモンも侮れない。上タン塩&塩ハラミ(追加)なんと！何でも追加オッケーとのことで、上タンと塩ハラミを追加。(さすがにもう一回！と言ったら、怒られただろうなぁw)また数ヶ月経たないと食べられないと思っていたものに、また逢えた喜び！改めて、美味しい♡盛岡冷麺♡営業自粛の時にテイクアウトを行っており、その際に常連の方からお裾分けしていただいた冷麺。非常にコシのある太麺で、スッキリとしてコクのあるスープが美味しい。一緒に供されるカクテキと酢をたっぷりと入れて食べるのが好みです。デザート今回はパッションフルーツと佐藤錦。今回も実に素晴らしかったです。繊維に対して斜めに切りつけて旨味を出している上タン塩と卵黄タレを絡めるシルキーな特撰ヒレは白眉な美味しさがあり、やはり何ヶ月待っても食べるべき焼肉だと思います。そして、このクオリティでありながらも意外とリーズナブルなことも魅力的です。誰でも食べたい「赤坂 らいもん」の予約ですが…電話やネット予約ではない為、困難さを極めます。不定期で営業しているランチに通って、facetofaceで相談するという感じでしょうか。あとは神様に祈りながら、当日予約ですかね？どちらも困難ということは間違いありません。また誘ってもらえることを願っています。19000,神奈川県
48,00000003,赤坂 らいもん,4.46,東京都内,134,やはりここの焼肉が好きすぎる…自分の予約はコロナで延期となってへこんでいましたが友人が誘ってくれました。相変わらず美しい上タン塩からスタート。コロナ中にテイクアウトで食べていた冷麺もお店で久々に食べられて感動！上タン塩特選レバ塩焼きシンシン炙り特選ハラミサーロイン特選ヒレホルモンセット冷麺,男性・東京都
49,00000003,赤坂 らいもん,4.46,東京都内,134,"1月以来の赤坂らいもん。この日はカウンターで大将とサウナ談義などをしながら楽しく肉焼きました。テーブルは6席まで取れるので、それはそれで楽しいのだけど、個人的にはカウンターに2、3人横並びで厨房を覗きながら焼く肉も最高に美味いですね。【2020年６月のおまかせ】★キムチ★トマト★タン塩★レバー塩★炙りシンシン★シャトーブリアン★サーロイン★ハラミ★サガリ★ミノ★テッチャン★冷麺★ミカン★レモンサワーx2杯お会計：約17,000円",
50,00000003,赤坂 らいもん,4.46,東京都内,134,夜での訪問。入口がわかりにくいが螺旋階段を登ったところにある。店内はそこまで広くないが、この日は13人くらいいた。焼き台はガスタイプ。ダクトはなく上にエアコン的な換気扇がある。まずはビールを注文。仄かにバナナっぽい味がした。デフォが銀河高原ビール。んでスタートはキムチ。どっちかというと水キムチ的な感じ。かなり発酵しているのか酸味が強い。次にトマトの前菜。これは素でトマトがかなり美味しい。もちろんソースもさっぱりコク旨。んですぐさま肉の始まり。まずはタンから。レベル高い。厚切りタンが台頭する中、ビジュアルではやや劣るが満足度は下手な厚切りを完全に凌駕する。白髪ネギとレモンでパクり。次にレバー。生レバーは熱を入れると甘みが増すと思っているので、生では絶対食べない。表面をコロコロと焼くと芯温が冷たくて変な感じだから、ひたすらコロコロと先手焼き的な感じで焼くと、じんわり熱が入っていい感じかも。とかいって火入れは超素人です。すんません。次にシンシン。ここは全体的に赤身主体っぽいね。スタミナ苑のハラミみたいに真ん中で開いてある。すでのこの段階でご飯は半分減っている。これは由々しき事態である。次はヒレ。んでシャトーブリアンらしい。正直舐めてた。ヒレは柔らかいだけじゃない。旨みが強い。なんじゃこりゃ。これは今日のMVP。畳み掛けるようにサーロイン。超大判。1枚焼くとコンロが占領される。しかも厚みも素晴らしい。これをサッと両面焼いておろしでいただく。一口で頬張ったんだけど、唾液と弾けて混ざる。美味しい。次にハラミ。塩ダレと醤油ダレの2種。個人的に醤油ダレ派。サンチュと味噌(←これで丼ぶり消せる)で包んで、ハラミギョプサル。最後はホルモン。結構辛めの味噌。〆は冷麺。一緒に行った人がこれは大盛りにすべきと言っていたので便乗して大盛りに。更にわがままを言い、限界まで特盛にしてもらった。英断。甘み。おこげ飴みたいな甘み。美味しい。んで麺がハリコシばっちりでいいね。味変に酢とカクテキも。満足。会計は16300円。コスパも良いと思う。帰り際は地上まで総出でお見送り。ホスピタリティーも素敵。再訪したいけど難易度鬼。,20代前半
51,00000003,赤坂 らいもん,4.46,東京都内,134,日曜日の夜です。赤坂です。今夜はおよそ三か月ぶりの”らいもん”さん。いつも通り、カウンターに陣取ります。ここのところ、和牛レストランとでも呼ぶのが相応しいお店が賑わいをみせております。イタリアンやフレンチの技法で仕上げた煌びやかな前菜の数々は、インスタ映えもすれば、『ええっ、キャビア、使うの！』なんて、ちょっとしたサプライズも届けてくれます。それはそれで良いのですが、所詮、飾りにすぎません。ラッコは直球勝負を愛します。・肉は、生で、その手で、厚く切るべし！・肉質がすべての産地御免！・格付けや等級には惑わされない！・モミダレは、簡潔に！・タレは、淡麗薄口で！そんな身勝手な条件を完璧に満たすのが、こちらの”らいもん”さん。和牛レストランでもなく、焼肉店でもなく、焼肉屋。そう、昔ながらの、ザ・焼肉屋！いただいたものは、基本コースに加え追加の二種類。肉を食らう高揚感を満喫した赤坂の夜。♪コモエスタ・セニョリータ・デル・コラソ～ン♪そしてご馳走さまでした。★注記：タイトルのパナマ牛ですが、上ミノとシマチョウはパナマからの輸入品。国産よりはるかに肉厚な希少食材です。決してシンシンほかの肉がパナマ産というわけではありません。＜いただいた肉とそのコメント＞●牛舌：部位はタン元と真中タンを厳選。薬味は塩コショウ。見た目はまるでローリングストーンズのアイコンか？表面にうっすらと薄紅色の肉汁が浮いてきたら、すかさず白髪ねぎを乗っけてローリング。レモン汁に浸して一口、アムッ。『なんじゃこりゃあ～』と歓喜の雄叫びに咽び泣くザビエル禿のオヤジ。●特選レバ：もみダレに優しく揉まれたこのバーガンディレッドは、やばい！なによりその屹立したエッジは鮮度抜群の証左。♪あのぉ、消えそにぃ、燃えっそなぁワインレッ～ドのぉ～♪玉置ラッコウジです。それはともかく、踊り子さんに手を触れます。おおっ、トングから伝わるマンナンライフのような触感。『ごめんね、ごめんねぇ～』なんて呟きながら、プルプルのマンナンライフを鉄板に乗せるU字ラッコウジ。表面を軽く炙り、塩入りの胡麻油をまとって艶やかに煌めく小麦色の柔肌。ラッコ、瞬死！●シャトーブリアン：ご存じ、テンダーロインの中心部位。ビールの大瓶程度の塊から8㎜程度の厚さに斬りつけます。トングでつまみます。うん、心地良い重量感。鉄板に乗っけて両面に軽く火を通し、付けダレと卵黄ソースの湯船に投入。ほんのりと加熱膜に覆われた卵黄を閉じ込めるように箸で丸めます。まずは、ひと齧り。うひゃっ、歯が要らない。唇で切れちゃう。単に柔らかいだけではありません。細密な肉繊維が歯茎を押し返します。まさに柳腰のような肉質。赤身の地味に卵黄と付けダレのコクがあいまり、もう、もうっ、牛だけにモ～オッ、瞬間昇天。他店の厚切りサンドイッチや天ぷらも良いけど、シャトーブリアンの持ち味を生かし切るなら焼肉に限ります。●シンシン：関西ではマルシンと呼びます。後ろ脚の付け根、いわゆるシンタマの中心部位。脂肪分が少なく、繊細な赤身の味わいが愉しめます。シャトーブリアンと同様、付けダレ卵黄ソースでいただきます。さてさて残ったソースをどうするか？　多くのお客様はそのまま下げてもらうようですが．．．『xxxさん、飲んじゃうんですよね、アハッ』と店主の高橋氏。『ええっ？』と真ん丸なお目目で驚く金竜山直系の奥様。恥じ入るラッコ。『ご飯をちょっとだけ装いましょう』と高橋氏。更に韓国海苔も差し出されます。盛られたご飯をネコマンマ状態にし、韓国海苔に包んでいただきます。だってシャトーブリアンとシンシンの血と汗が染み込んだ結晶、その一滴も無駄にはできません。嬉しい！息の合う店主との連係プレーが好き。●サーロイン：余分な脂肪部位を綺麗にトリミングした塊から一枚一枚、丁寧に手切りで斬り出します。それにしてもデカい。それもその筈、面積はステーキサイズ。軽く両面を炙り、いったん、お皿に敷き直します。薬味の鬼おろしポン酢をトッピングし、箸で太巻き状にローリング。一口、アムッ。アイヤァ～、まるでフィレ肉のような食感。ステーキのように脂がくどくな～い！柔らかな薄めのポン酢がサーロインの地味を引き立て、肉のうまみを再発見。●ハラミ：塩胡椒●ハラミ：塩だれ●ハラミ：タレ●サガリ：タレ横隔膜の薄い部位のハラミと厚い部位のサガリをそれぞれ異なる味付けでいただきます。色味は赤身ですが、内臓に近い部位のため、ホルモンに分類。肉繊維は太く、肌理も粗め。例えればシャトーブリアンが”せとか”の果肉とすれば、ハラミやサガリはグレープフルーツの果肉のよう。肉繊維の太さと比例し、軽く弾力のある食感。ぐむっ、ぐむっ、と歯茎を押し返しますが、一つ一つの繊維は簡単にほぐれます。ここら辺が他店のハラミとの肉質の違いかも。●上ミノ：●シマチョウ：知る人ぞ知る、パナマ産。和牛よりも高額で取引。そもそも脂肪をつける和牛と力強い赤身が身上の中南米産の牛とでは、飼育方法も餌も大きく異なります。その差なのか原種の違いなのかは判りませんが、特にミノの壁の厚さは和牛のそれをはるかに凌駕しておりました。これは目から鱗。ホルモンに目覚めそうな予感。●コブクロ：豚の子宮です。ジックリと火を通しましたが、赤身肉のように硬くはならず、まるで赤貝のような食感。●カルビ：追加のアラカルトまだまだ胃に隙間があるので追加を所望します。用意できるのはカルビと味噌だれの牛タンとのこと。枚数単位で注文が可能。一も二もなくカルビをお願いします。だって焼肉屋さんでカルビを食べ忘れるなんて、許せないっしょ。冷蔵庫から取り出した塊を見て驚きます。他店では明らかに特上カルビと呼ぶような肉質。文句なしにウンマイ。●牛タン：追加のアラカルト牛タンに始まり牛タンに終わる。焼肉と対峙した際の流儀です。なんちゃってヾ(≧▽≦)ﾉ●冷麺：締めの冷麺。この滋味深い味わいが、興奮冷めやらぬ我儘な胃を優しく落ち着けます。●デザート：みかん＜飲み物＞●レモンサワー：二杯●ハイボール：二杯●ジンジャーエール,50代後半・男性・神奈川県
52,00000003,赤坂 らいもん,4.46,東京都内,134,日本一の焼肉屋と言われる赤坂らいもん食べログは驚異の4.51で予約困難度もトップクラスㅤㅤㅤㅤㅤㅤㅤㅤㅤㅤㅤㅤㅤこの日頂いたのはタン、レバー、シンシン炙りユッケ、ヒレ、サーロイン、ハラミ、ホルモン盛り合わせ、冷麺全て圧巻の肉質で、素材の良さが更に際立つカットも見事ですㅤㅤㅤㅤㅤㅤㅤㅤㅤㅤㅤㅤㅤ特に美味しかったのはレバーで、人生で1番美味しいレバーを食べました常連さんの中でファンが多いシンシン炙りユッケも最高で、卵とシンシンとタレが絡み合ってご飯が無限に進みますㅤㅤㅤㅤㅤㅤㅤㅤㅤㅤㅤㅤㅤヒレは歯が要らない柔らかさ柔らかすぎて、トングで掴むと切れてしまうレベルですㅤㅤㅤㅤㅤㅤㅤㅤㅤㅤㅤㅤㅤハラミもタレ、塩どちらもレベルが高く、食感と旨味がクセになりますㅤㅤㅤㅤㅤㅤㅤㅤㅤㅤㅤㅤㅤ総評すると、限りなく完璧に近い焼肉屋さんです予約困難度があまりに高いですが、焼肉好きであれば絶対に一度は食べて頂きたいお店です,20代後半・男性・東京都
53,00000003,赤坂 らいもん,4.46,東京都内,134,らいもんの最後の締めに楽しめる冷麺を、テイクアウト用で販売するとのことで購入させていただきました。また、この日は普段はランチでやっているタンシチューのテイクアウトもあり、冷麺＆タンシチューをおうちで堪能させていただきました。冷麺は、麺、スープ、カクテキが真空パックになっており家庭でできるらいもん特製冷麺となっております。麺を4分30秒ほど茹で、水でしめて器に盛りつけスープを注いでいただきます。スープは、お店でいただくのと同様に、旨味が凝縮されたお味で黄色の面にスープを注ぐとまさに黄金色！！カクテキも何とも言えない辛さで、途中に冷麺に入れて味変を楽しむのも抜群。タンシチューは、これでもかというくらいタンがふんだんに入っており、ご飯とパンどちらにも合う抜群の味わい。,30代後半・男性
54,00000003,赤坂 らいもん,4.46,東京都内,134,うどんが主食の公式ブログ https://alwaysudon.com/raimon-akasaka/ うどんが主食の公式メルマガ　https://alwaysudon.online/mailmagazine/instagram　https://instagram.com/alwaysudon/ひそかな愉しみ、らいもん。本当にやばいですね。めっちゃ好きなんですよね。最近お酒が弱くなって、ご飯が大好きになった。ここのお肉はいくらでもご飯がいけちゃいマス。タン塩、シンシン、ハラミ、ヒレ、骨付きカルビ・・・この日も丼2杯・・・・冷麺。もうお腹いっぱいでした。,
